"dataset","source_id","file_name","path","source_url","license","bytes","sha256","frozen_at_utc"
"ld_reference_1kg","4cad6cfd-2e69-43ca-ba1c-a66f73d3b219","1000G_EUR.fam","03_data/raw/ld_reference_1kg/4cad6cfd-2e69-43ca-ba1c-a66f73d3b219/1000G_EUR.fam","https://zenodo.org/api/records/6614170/files/1000G_EUR.fam/content","1000 Genomes open data terms; Zenodo record metadata retained",9557,"ccc5f19953f0f7debd096aaaf26aef11e49c8fad803abdfcd44f955ac9c5edc8","2026-07-11T08:08:50Z"
"ed_2025","59218637","ed_eur_meta_ac.gz","03_data/raw/ed_2025/59218637/ed_eur_meta_ac.gz","https://ndownloader.figshare.com/files/59218637","CC BY 4.0 article; file terms recorded from Figshare",57787516,"1fe54cb9cdbf5690e85c134e479b7bdde685ec026c072924332afbf32f4ffe94","2026-07-11T09:54:59Z"
"ed_2025","59218640","ed_eur_meta_ab.gz","03_data/raw/ed_2025/59218640/ed_eur_meta_ab.gz","https://ndownloader.figshare.com/files/59218640","CC BY 4.0 article; file terms recorded from Figshare",94371840,"8949789758a7d9d9070e21fa0f270b2e0260a5016b6f23f0e8b9baca26365083","2026-07-11T09:55:10Z"
"ed_2025","59218643","ed_eur_meta_aa.gz","03_data/raw/ed_2025/59218643/ed_eur_meta_aa.gz","https://ndownloader.figshare.com/files/59218643","CC BY 4.0 article; file terms recorded from Figshare",94371840,"7e9d2fda369770e3f5d04a446efcc916aaa46b8809535c450705aefa0adc6bdb","2026-07-11T09:55:23Z"
"ed_2025","59218646","ed_afr_meta_aa.gz","03_data/raw/ed_2025/59218646/ed_afr_meta_aa.gz","https://ndownloader.figshare.com/files/59218646","CC BY 4.0 article; file terms recorded from Figshare",94371840,"ca84b23418dbcc4d1371fc7409116b7533f448f5c1bb0be206ee5eeb52d74c09","2026-07-11T09:55:35Z"
"ed_2025","59218649","ed_cross_ancestry_meta_ac.gz","03_data/raw/ed_2025/59218649/ed_cross_ancestry_meta_ac.gz","https://ndownloader.figshare.com/files/59218649","CC BY 4.0 article; file terms recorded from Figshare",88209599,"0cfede9fb75ca8bdc1151335736f5fd0fc501ff1ea16b12b4a9786f1ae55ff63","2026-07-11T09:55:46Z"
"ed_2025","59218652","ed_afr_meta_ab.gz","03_data/raw/ed_2025/59218652/ed_afr_meta_ab.gz","https://ndownloader.figshare.com/files/59218652","CC BY 4.0 article; file terms recorded from Figshare",83037102,"dbb76df2d822b74c23303c88ef9e702266f5fb4ce644d041c0fb12f284064160","2026-07-11T09:55:57Z"
"ed_2025","59218655","ed_cross_ancestry_meta_aa.gz","03_data/raw/ed_2025/59218655/ed_cross_ancestry_meta_aa.gz","https://ndownloader.figshare.com/files/59218655","CC BY 4.0 article; file terms recorded from Figshare",94371840,"4591cfd17c152386b328d695e1a0c6f223d4cc58099407afba854cf1602f0c0d","2026-07-11T09:56:09Z"
"ed_2025","59218658","ed_cross_ancestry_meta_ab.gz","03_data/raw/ed_2025/59218658/ed_cross_ancestry_meta_ab.gz","https://ndownloader.figshare.com/files/59218658","CC BY 4.0 article; file terms recorded from Figshare",94371840,"b2807ce76c3e3bbd9068944cbac7563bd51a089b9b5979ee274b60b2d5a66992","2026-07-11T09:56:24Z"
