"exposure_id","module_id","exposure_trait","mediator_id","mediator_name","a_beta","a_se","b_beta","b_se","indirect_beta","indirect_se","ci_lower","ci_upper","p","p_for_fdr","q","fdr_alpha","product_fdr_significant","x_to_m_fdr_significant","m_to_y_fdr_significant","component_fdr_gate","overlap_class","variance_status","colocalization_status","analysis_status","evidence_label","family","family_denominator"
"hunt_M00080","M00080","Lipopolysaccharide biosynthesis, inner core to outer core to O-antigen","endothelial_SELE","E-selectin / SELE",-0.047642944715127,0.1418701020406,-0.0695722379603399,0.268423984891407,0.00331462628685213,0.0161544797807371,-0.0283481540833925,0.0349774066570968,0.837429070541201,0.837429070541201,1,0.05,FALSE,FALSE,FALSE,FALSE,"possible_unresolved","sensitivity_delta_covariance_unavailable_due_overlap","not_triggered_component_fdr_gate_failed","estimated_sensitivity_overlap_covariance_unknown","exploratory_not_all_mediation_gates_met","endothelial_indirect",45
"hunt_M00091","M00091","Phosphatidylcholine biosynthesis, PE to PC","endothelial_SELE","E-selectin / SELE",0.596756034198099,0.234326202761787,-0.0695722379603399,0.268423984891407,-0.0415176528154989,0.1610110893695,-0.357099387979719,0.274064082348721,0.796518152198692,0.796518152198692,1,0.05,FALSE,FALSE,FALSE,FALSE,"possible_unresolved","sensitivity_delta_covariance_unavailable_due_overlap","not_triggered_component_fdr_gate_failed","estimated_sensitivity_overlap_covariance_unknown","exploratory_not_all_mediation_gates_met","endothelial_indirect",45
"hunt_M00136","M00136","GABA biosynthesis, prokaryotes, putrescine to GABA","endothelial_SELE","E-selectin / SELE",0.0777633101851852,0.150101273148148,-0.0695722379603399,0.268423984891407,-0.00541016752078743,0.0233400588207349,-0.0511566828094278,0.040336347767853,0.81669529102828,0.81669529102828,1,0.05,FALSE,FALSE,FALSE,FALSE,"possible_unresolved","sensitivity_delta_covariance_unavailable_due_overlap","not_triggered_component_fdr_gate_failed","estimated_sensitivity_overlap_covariance_unknown","exploratory_not_all_mediation_gates_met","endothelial_indirect",45
"hunt_M00530","M00530","Dissimilatory nitrate reduction, nitrate to ammonia","endothelial_SELE","E-selectin / SELE",-0.000929329163743152,0.201199763950392,-0.0695722379603399,0.268423984891407,6.46555097234223e-05,0.0140001404169842,-0.0273756197075655,0.0275049307270124,0.996315219128664,0.996315219128664,1,0.05,FALSE,FALSE,FALSE,FALSE,"possible_unresolved","sensitivity_delta_covariance_unavailable_due_overlap","not_triggered_component_fdr_gate_failed","estimated_sensitivity_overlap_covariance_unknown","exploratory_not_all_mediation_gates_met","endothelial_indirect",45
"hunt_M00569","M00569","Catechol meta-cleavage, catechol to acetyl-CoA / 4-methylcatechol to propanoyl-CoA","endothelial_SELE","E-selectin / SELE",0.0333266068622235,0.161129557948549,-0.0695722379603399,0.268423984891407,-0.00231860662302931,0.0143419723611492,-0.0304288724508817,0.0257916592048231,0.871569027539592,0.871569027539592,1,0.05,FALSE,FALSE,FALSE,FALSE,"possible_unresolved","sensitivity_delta_covariance_unavailable_due_overlap","not_triggered_component_fdr_gate_failed","estimated_sensitivity_overlap_covariance_unknown","exploratory_not_all_mediation_gates_met","endothelial_indirect",45
"hunt_M00080","M00080","Lipopolysaccharide biosynthesis, inner core to outer core to O-antigen","endothelial_ESM1","Endocan / ESM-1",0.0222333742003926,0.250919508833002,-0.502773889950153,0.278494838717319,-0.0111783600334487,0.126307638641647,-0.258741331771077,0.23638461170418,0.929478441085599,0.929478441085599,1,0.05,FALSE,FALSE,FALSE,FALSE,"possible_unresolved","sensitivity_delta_covariance_unavailable_due_overlap","not_triggered_component_fdr_gate_failed","estimated_sensitivity_overlap_covariance_unknown","exploratory_not_all_mediation_gates_met","endothelial_indirect",45
"hunt_M00091","M00091","Phosphatidylcholine biosynthesis, PE to PC","endothelial_ESM1","Endocan / ESM-1",-0.194940304504712,0.440008115882065,-0.502773889950153,0.278494838717319,0.0980108952039016,0.227788739754564,-0.348455034715043,0.544476825122847,0.666998499596495,0.666998499596495,1,0.05,FALSE,FALSE,FALSE,FALSE,"possible_unresolved","sensitivity_delta_covariance_unavailable_due_overlap","not_triggered_component_fdr_gate_failed","estimated_sensitivity_overlap_covariance_unknown","exploratory_not_all_mediation_gates_met","endothelial_indirect",45
"hunt_M00136","M00136","GABA biosynthesis, prokaryotes, putrescine to GABA","endothelial_ESM1","Endocan / ESM-1",-0.096752025462963,0.283022280092593,-0.502773889950153,0.278494838717319,0.0486443922025701,0.144824866397282,-0.235212345936103,0.332501130341243,0.736958151478989,0.736958151478989,1,0.05,FALSE,FALSE,FALSE,FALSE,"possible_unresolved","sensitivity_delta_covariance_unavailable_due_overlap","not_triggered_component_fdr_gate_failed","estimated_sensitivity_overlap_covariance_unknown","exploratory_not_all_mediation_gates_met","endothelial_indirect",45
"hunt_M00530","M00530","Dissimilatory nitrate reduction, nitrate to ammonia","endothelial_ESM1","Endocan / ESM-1",-0.145440014125803,0.337346486438764,-0.502773889950153,0.278494838717319,0.0731234416564353,0.174378359996388,-0.268658143936485,0.414905027249356,0.674969258865686,0.674969258865686,1,0.05,FALSE,FALSE,FALSE,FALSE,"possible_unresolved","sensitivity_delta_covariance_unavailable_due_overlap","not_triggered_component_fdr_gate_failed","estimated_sensitivity_overlap_covariance_unknown","exploratory_not_all_mediation_gates_met","endothelial_indirect",45
"hunt_M00569","M00569","Catechol meta-cleavage, catechol to acetyl-CoA / 4-methylcatechol to propanoyl-CoA","endothelial_ESM1","Endocan / ESM-1",0.286792268227208,0.315532644787291,-0.502773889950153,0.278494838717319,-0.144191664304221,0.177613042551967,-0.492313227706077,0.203929899097635,0.416888965685593,0.416888965685593,1,0.05,FALSE,FALSE,FALSE,FALSE,"possible_unresolved","sensitivity_delta_covariance_unavailable_due_overlap","not_triggered_component_fdr_gate_failed","estimated_sensitivity_overlap_covariance_unknown","exploratory_not_all_mediation_gates_met","endothelial_indirect",45
"hunt_M00080","M00080","Lipopolysaccharide biosynthesis, inner core to outer core to O-antigen","endothelial_PECAM1","PECAM-1",0.0772874436489837,0.1418701020406,,,,,,,,1,1,0.05,FALSE,FALSE,FALSE,FALSE,"possible_unresolved","sensitivity_delta_covariance_unavailable_due_overlap","not_triggered_component_fdr_gate_failed","not_estimable_component_missing","insufficient","endothelial_indirect",45
"hunt_M00091","M00091","Phosphatidylcholine biosynthesis, PE to PC","endothelial_PECAM1","PECAM-1",0.441201627950461,0.234724040117919,,,,,,,,1,1,0.05,FALSE,FALSE,FALSE,FALSE,"possible_unresolved","sensitivity_delta_covariance_unavailable_due_overlap","not_triggered_component_fdr_gate_failed","not_estimable_component_missing","insufficient","endothelial_indirect",45
"hunt_M00136","M00136","GABA biosynthesis, prokaryotes, putrescine to GABA","endothelial_PECAM1","PECAM-1",-0.143771701388889,0.150101273148148,,,,,,,,1,1,0.05,FALSE,FALSE,FALSE,FALSE,"possible_unresolved","sensitivity_delta_covariance_unavailable_due_overlap","not_triggered_component_fdr_gate_failed","not_estimable_component_missing","insufficient","endothelial_indirect",45
"hunt_M00530","M00530","Dissimilatory nitrate reduction, nitrate to ammonia","endothelial_PECAM1","PECAM-1",0.217927688897769,0.202129093114136,,,,,,,,1,1,0.05,FALSE,FALSE,FALSE,FALSE,"possible_unresolved","sensitivity_delta_covariance_unavailable_due_overlap","not_triggered_component_fdr_gate_failed","not_estimable_component_missing","insufficient","endothelial_indirect",45
"hunt_M00569","M00569","Catechol meta-cleavage, catechol to acetyl-CoA / 4-methylcatechol to propanoyl-CoA","endothelial_PECAM1","PECAM-1",0.0938648468504828,0.16051806057493,,,,,,,,1,1,0.05,FALSE,FALSE,FALSE,FALSE,"possible_unresolved","sensitivity_delta_covariance_unavailable_due_overlap","not_triggered_component_fdr_gate_failed","not_estimable_component_missing","insufficient","endothelial_indirect",45
"hunt_M00080","M00080","Lipopolysaccharide biosynthesis, inner core to outer core to O-antigen","endothelial_TIE2","TIE2",-0.208570224641778,0.165162208345773,-0.160640656789752,0.0941126405341316,0.0335048578732413,0.0330035746723385,-0.0311821484845421,0.0981918642310248,0.310015859977732,0.310015859977732,1,0.05,FALSE,FALSE,FALSE,FALSE,"possible_unresolved","sensitivity_delta_covariance_unavailable_due_overlap","not_triggered_component_fdr_gate_failed","estimated_sensitivity_overlap_covariance_unknown","exploratory_not_all_mediation_gates_met","endothelial_indirect",45
"hunt_M00091","M00091","Phosphatidylcholine biosynthesis, PE to PC","endothelial_TIE2","TIE2",-0.0433642718183952,0.237906738966976,-0.160640656789752,0.0941126405341316,0.00696606510611634,0.0384347824167415,-0.068366108430697,0.0822982386429297,0.856176235040613,0.856176235040613,1,0.05,FALSE,FALSE,FALSE,FALSE,"possible_unresolved","sensitivity_delta_covariance_unavailable_due_overlap","not_triggered_component_fdr_gate_failed","estimated_sensitivity_overlap_covariance_unknown","exploratory_not_all_mediation_gates_met","endothelial_indirect",45
"hunt_M00136","M00136","GABA biosynthesis, prokaryotes, putrescine to GABA","endothelial_TIE2","TIE2",-0.227864583333333,0.189887152777778,-0.160640656789752,0.0941126405341316,0.0366043163257898,0.0372874613746315,-0.0364791079684878,0.109687740620068,0.326258033666787,0.326258033666787,1,0.05,FALSE,FALSE,FALSE,FALSE,"possible_unresolved","sensitivity_delta_covariance_unavailable_due_overlap","not_triggered_component_fdr_gate_failed","estimated_sensitivity_overlap_covariance_unknown","exploratory_not_all_mediation_gates_met","endothelial_indirect",45
"hunt_M00530","M00530","Dissimilatory nitrate reduction, nitrate to ammonia","endothelial_TIE2","TIE2",0.23883759508199,0.20352308685975,-0.160640656789752,0.0941126405341316,-0.0383670281400557,0.0396755236063581,-0.116131054408518,0.0393969981284062,0.333533994039797,0.333533994039797,1,0.05,FALSE,FALSE,FALSE,FALSE,"possible_unresolved","sensitivity_delta_covariance_unavailable_due_overlap","not_triggered_component_fdr_gate_failed","estimated_sensitivity_overlap_covariance_unknown","exploratory_not_all_mediation_gates_met","endothelial_indirect",45
"hunt_M00569","M00569","Catechol meta-cleavage, catechol to acetyl-CoA / 4-methylcatechol to propanoyl-CoA","endothelial_TIE2","TIE2",0.0324093608017954,0.161129557948549,-0.160640656789752,0.0941126405341316,-0.00520626100533645,0.0260630500678389,-0.0562898391383008,0.0458773171276279,0.841671103238942,0.841671103238942,1,0.05,FALSE,FALSE,FALSE,FALSE,"possible_unresolved","sensitivity_delta_covariance_unavailable_due_overlap","not_triggered_component_fdr_gate_failed","estimated_sensitivity_overlap_covariance_unknown","exploratory_not_all_mediation_gates_met","endothelial_indirect",45
"hunt_M00080","M00080","Lipopolysaccharide biosynthesis, inner core to outer core to O-antigen","endothelial_TM","Thrombomodulin",-0.208570224641778,0.165162208345773,-0.0270625325050264,0.142814751593503,0.00564443848394878,0.0301203915178916,-0.0533915288911187,0.0646804058590163,0.851350221187464,0.851350221187464,1,0.05,FALSE,FALSE,FALSE,FALSE,"possible_unresolved","sensitivity_delta_covariance_unavailable_due_overlap","not_triggered_component_fdr_gate_failed","estimated_sensitivity_overlap_covariance_unknown","exploratory_not_all_mediation_gates_met","endothelial_indirect",45
"hunt_M00091","M00091","Phosphatidylcholine biosynthesis, PE to PC","endothelial_TM","Thrombomodulin",0.0449556212429235,0.237508901610843,-0.0270625325050264,0.142814751593503,-0.00121661296117027,0.00908485157216092,-0.0190229220426057,0.0165896961202651,0.893468477739907,0.893468477739907,1,0.05,FALSE,FALSE,FALSE,FALSE,"possible_unresolved","sensitivity_delta_covariance_unavailable_due_overlap","not_triggered_component_fdr_gate_failed","estimated_sensitivity_overlap_covariance_unknown","exploratory_not_all_mediation_gates_met","endothelial_indirect",45
"hunt_M00136","M00136","GABA biosynthesis, prokaryotes, putrescine to GABA","endothelial_TM","Thrombomodulin",-0.0298394097222222,0.188982928240741,-0.0270625325050264,0.142814751593503,0.00080752999553844,0.00665710847870998,-0.0122404026227331,0.01385546261381,0.903450714853733,0.903450714853733,1,0.05,FALSE,FALSE,FALSE,FALSE,"possible_unresolved","sensitivity_delta_covariance_unavailable_due_overlap","not_triggered_component_fdr_gate_failed","estimated_sensitivity_overlap_covariance_unknown","exploratory_not_all_mediation_gates_met","endothelial_indirect",45
"hunt_M00530","M00530","Dissimilatory nitrate reduction, nitrate to ammonia","endothelial_TM","Thrombomodulin",0.235120278427017,0.20352308685975,-0.0270625325050264,0.142814751593503,-0.00636295017752202,0.0340273677620658,-0.073056590991171,0.060330690636127,0.851664494630852,0.851664494630852,1,0.05,FALSE,FALSE,FALSE,FALSE,"possible_unresolved","sensitivity_delta_covariance_unavailable_due_overlap","not_triggered_component_fdr_gate_failed","estimated_sensitivity_overlap_covariance_unknown","exploratory_not_all_mediation_gates_met","endothelial_indirect",45
"hunt_M00569","M00569","Catechol meta-cleavage, catechol to acetyl-CoA / 4-methylcatechol to propanoyl-CoA","endothelial_TM","Thrombomodulin",0.267530100958216,0.161741055322167,-0.0270625325050264,0.142814751593503,-0.00724004205325472,0.0384571549356252,-0.08261606572708,0.0681359816205706,0.850670841176827,0.850670841176827,1,0.05,FALSE,FALSE,FALSE,FALSE,"possible_unresolved","sensitivity_delta_covariance_unavailable_due_overlap","not_triggered_component_fdr_gate_failed","estimated_sensitivity_overlap_covariance_unknown","exploratory_not_all_mediation_gates_met","endothelial_indirect",45
"hunt_M00080","M00080","Lipopolysaccharide biosynthesis, inner core to outer core to O-antigen","endothelial_LOX1","LOX-1",0.0571715336581523,0.165162208345773,0.0777676360225141,0.342516885553471,0.00444609502037611,0.0234187650681014,-0.0414546845131026,0.0503468745538549,0.849425252799967,0.849425252799967,1,0.05,FALSE,FALSE,FALSE,FALSE,"possible_unresolved","sensitivity_delta_covariance_unavailable_due_overlap","not_triggered_component_fdr_gate_failed","estimated_sensitivity_overlap_covariance_unknown","exploratory_not_all_mediation_gates_met","endothelial_indirect",45
"hunt_M00091","M00091","Phosphatidylcholine biosynthesis, PE to PC","endothelial_LOX1","LOX-1",0.260981305622635,0.237111064254711,0.0777676360225141,0.342516885553471,0.0202958991843416,0.0912725579377962,-0.158598314373739,0.199190112742422,0.824029100420406,0.824029100420406,1,0.05,FALSE,FALSE,FALSE,FALSE,"possible_unresolved","sensitivity_delta_covariance_unavailable_due_overlap","not_triggered_component_fdr_gate_failed","estimated_sensitivity_overlap_covariance_unknown","exploratory_not_all_mediation_gates_met","endothelial_indirect",45
"hunt_M00136","M00136","GABA biosynthesis, prokaryotes, putrescine to GABA","endothelial_LOX1","LOX-1",0.169089988425926,0.189887152777778,0.0777676360225141,0.342516885553471,0.0131497286749585,0.0597691389496524,-0.10399778366636,0.130297241016277,0.825864403652822,0.825864403652822,1,0.05,FALSE,FALSE,FALSE,FALSE,"possible_unresolved","sensitivity_delta_covariance_unavailable_due_overlap","not_triggered_component_fdr_gate_failed","estimated_sensitivity_overlap_covariance_unknown","exploratory_not_all_mediation_gates_met","endothelial_indirect",45
"hunt_M00530","M00530","Dissimilatory nitrate reduction, nitrate to ammonia","endothelial_LOX1","LOX-1",-0.0436784706959281,0.203058422277879,0.0777676360225141,0.342516885553471,-0.00339677141110099,0.0217528719933566,-0.0460324005180798,0.0392388576958779,0.87591259701159,0.87591259701159,1,0.05,FALSE,FALSE,FALSE,FALSE,"possible_unresolved","sensitivity_delta_covariance_unavailable_due_overlap","not_triggered_component_fdr_gate_failed","estimated_sensitivity_overlap_covariance_unknown","exploratory_not_all_mediation_gates_met","endothelial_indirect",45
"hunt_M00569","M00569","Catechol meta-cleavage, catechol to acetyl-CoA / 4-methylcatechol to propanoyl-CoA","endothelial_LOX1","LOX-1",0.224725284804902,0.162046804008977,0.0777676360225141,0.342516885553471,0.0174763541537634,0.0779969910628765,-0.135397748329475,0.170350456637001,0.82270714153789,0.82270714153789,1,0.05,FALSE,FALSE,FALSE,FALSE,"possible_unresolved","sensitivity_delta_covariance_unavailable_due_overlap","not_triggered_component_fdr_gate_failed","estimated_sensitivity_overlap_covariance_unknown","exploratory_not_all_mediation_gates_met","endothelial_indirect",45
"hunt_M00080","M00080","Lipopolysaccharide biosynthesis, inner core to outer core to O-antigen","endothelial_VEGFA","VEGF-A",-0.00635239262868359,0.175749529393579,0.021297329443447,0.0601606822262119,-0.000135288998567199,0.00376245475673711,-0.00750970032177193,0.00723912232463753,0.971316134436804,0.971316134436804,1,0.05,FALSE,FALSE,FALSE,FALSE,"possible_unresolved","sensitivity_delta_covariance_unavailable_due_overlap","not_triggered_component_fdr_gate_failed","estimated_sensitivity_overlap_covariance_unknown","exploratory_not_all_mediation_gates_met","endothelial_indirect",45
"hunt_M00091","M00091","Phosphatidylcholine biosynthesis, PE to PC","endothelial_VEGFA","VEGF-A",0.0385902235448104,0.256207257349051,0.021297329443447,0.0601606822262119,0.000821868704130092,0.00592989173688896,-0.0108007191001723,0.0124444565084325,0.88976814777335,0.88976814777335,1,0.05,FALSE,FALSE,FALSE,FALSE,"possible_unresolved","sensitivity_delta_covariance_unavailable_due_overlap","not_triggered_component_fdr_gate_failed","estimated_sensitivity_overlap_covariance_unknown","exploratory_not_all_mediation_gates_met","endothelial_indirect",45
"hunt_M00136","M00136","GABA biosynthesis, prokaryotes, putrescine to GABA","endothelial_VEGFA","VEGF-A",0.0958478009259259,0.206163194444444,0.021297329443447,0.0601606822262119,0.00204130219274937,0.00724764302536068,-0.0121640781369576,0.0162466825224563,0.778211523082342,0.778211523082342,1,0.05,FALSE,FALSE,FALSE,FALSE,"possible_unresolved","sensitivity_delta_covariance_unavailable_due_overlap","not_triggered_component_fdr_gate_failed","estimated_sensitivity_overlap_covariance_unknown","exploratory_not_all_mediation_gates_met","endothelial_indirect",45
"hunt_M00530","M00530","Dissimilatory nitrate reduction, nitrate to ammonia","endothelial_VEGFA","VEGF-A",-0.054830420660846,0.217463024315898,0.021297329443447,0.0601606822262119,-0.00116774153233682,0.00568600847970515,-0.0123123181525589,0.00997683508788527,0.83728223686971,0.83728223686971,1,0.05,FALSE,FALSE,FALSE,FALSE,"possible_unresolved","sensitivity_delta_covariance_unavailable_due_overlap","not_triggered_component_fdr_gate_failed","estimated_sensitivity_overlap_covariance_unknown","exploratory_not_all_mediation_gates_met","endothelial_indirect",45
"hunt_M00569","M00569","Catechol meta-cleavage, catechol to acetyl-CoA / 4-methylcatechol to propanoyl-CoA","endothelial_VEGFA","VEGF-A",0.0831636428121541,0.173359505420924,0.021297329443447,0.0601606822262119,0.0017711634986876,0.00621798896687108,-0.0104160948763797,0.0139584218737549,0.775762841486708,0.775762841486708,1,0.05,FALSE,FALSE,FALSE,FALSE,"possible_unresolved","sensitivity_delta_covariance_unavailable_due_overlap","not_triggered_component_fdr_gate_failed","estimated_sensitivity_overlap_covariance_unknown","exploratory_not_all_mediation_gates_met","endothelial_indirect",45
"hunt_M00080","M00080","Lipopolysaccharide biosynthesis, inner core to outer core to O-antigen","endothelial_UPAR","U-PAR",-0.19480670727963,0.14081136993582,-0.124706026393639,0.246744127282932,0.0242935703796715,0.0511745105077946,-0.0760084702156059,0.124595610974949,0.634986466636059,0.634986466636059,1,0.05,FALSE,FALSE,FALSE,FALSE,"possible_unresolved","sensitivity_delta_covariance_unavailable_due_overlap","not_triggered_component_fdr_gate_failed","estimated_sensitivity_overlap_covariance_unknown","exploratory_not_all_mediation_gates_met","endothelial_indirect",45
"hunt_M00091","M00091","Phosphatidylcholine biosynthesis, PE to PC","endothelial_UPAR","U-PAR",0.221197570009429,0.233928365405655,-0.124706026393639,0.246744127282932,-0.0275846700038046,0.0618862744251872,-0.148881767877171,0.0937124278695622,0.655791113501281,0.655791113501281,1,0.05,FALSE,FALSE,FALSE,FALSE,"possible_unresolved","sensitivity_delta_covariance_unavailable_due_overlap","not_triggered_component_fdr_gate_failed","estimated_sensitivity_overlap_covariance_unknown","exploratory_not_all_mediation_gates_met","endothelial_indirect",45
"hunt_M00136","M00136","GABA biosynthesis, prokaryotes, putrescine to GABA","endothelial_UPAR","U-PAR",0.249565972222222,0.149197048611111,-0.124706026393639,0.246744127282932,-0.0311223807188986,0.0643283788437835,-0.157206003252714,0.094961241814917,0.6285243833013,0.6285243833013,1,0.05,FALSE,FALSE,FALSE,FALSE,"possible_unresolved","sensitivity_delta_covariance_unavailable_due_overlap","not_triggered_component_fdr_gate_failed","estimated_sensitivity_overlap_covariance_unknown","exploratory_not_all_mediation_gates_met","endothelial_indirect",45
"hunt_M00530","M00530","Dissimilatory nitrate reduction, nitrate to ammonia","endothelial_UPAR","U-PAR",0.213745707660925,0.200735099368521,-0.124706026393639,0.246744127282932,-0.0266553778610903,0.0583798342787794,-0.141079853047498,0.0877690973253172,0.647969101344388,0.647969101344388,1,0.05,FALSE,FALSE,FALSE,FALSE,"possible_unresolved","sensitivity_delta_covariance_unavailable_due_overlap","not_triggered_component_fdr_gate_failed","estimated_sensitivity_overlap_covariance_unknown","exploratory_not_all_mediation_gates_met","endothelial_indirect",45
"hunt_M00569","M00569","Catechol meta-cleavage, catechol to acetyl-CoA / 4-methylcatechol to propanoyl-CoA","endothelial_UPAR","U-PAR",0.257134645606697,0.161435306635358,-0.124706026393639,0.246744127282932,-0.0320662399017478,0.0665638745553764,-0.162531434030285,0.0983989542267899,0.629993229592534,0.629993229592534,1,0.05,FALSE,FALSE,FALSE,FALSE,"possible_unresolved","sensitivity_delta_covariance_unavailable_due_overlap","not_triggered_component_fdr_gate_failed","estimated_sensitivity_overlap_covariance_unknown","exploratory_not_all_mediation_gates_met","endothelial_indirect",45
"hunt_M00080","M00080","Lipopolysaccharide biosynthesis, inner core to outer core to O-antigen","endothelial_TPA","t-PA",-0.214922617270462,0.1418701020406,,,,,,,,1,1,0.05,FALSE,FALSE,FALSE,FALSE,"possible_unresolved","sensitivity_delta_covariance_unavailable_due_overlap","not_triggered_component_fdr_gate_failed","not_estimable_component_missing","insufficient","endothelial_indirect",45
"hunt_M00091","M00091","Phosphatidylcholine biosynthesis, PE to PC","endothelial_TPA","t-PA",0.468254568167442,0.234326202761787,,,,,,,,1,1,0.05,FALSE,FALSE,FALSE,FALSE,"possible_unresolved","sensitivity_delta_covariance_unavailable_due_overlap","not_triggered_component_fdr_gate_failed","not_estimable_component_missing","insufficient","endothelial_indirect",45
"hunt_M00136","M00136","GABA biosynthesis, prokaryotes, putrescine to GABA","endothelial_TPA","t-PA",0.025318287037037,0.150101273148148,,,,,,,,1,1,0.05,FALSE,FALSE,FALSE,FALSE,"possible_unresolved","sensitivity_delta_covariance_unavailable_due_overlap","not_triggered_component_fdr_gate_failed","not_estimable_component_missing","insufficient","endothelial_indirect",45
"hunt_M00530","M00530","Dissimilatory nitrate reduction, nitrate to ammonia","endothelial_TPA","t-PA",-0.18865382023986,0.200735099368521,,,,,,,,1,1,0.05,FALSE,FALSE,FALSE,FALSE,"possible_unresolved","sensitivity_delta_covariance_unavailable_due_overlap","not_triggered_component_fdr_gate_failed","not_estimable_component_missing","insufficient","endothelial_indirect",45
"hunt_M00569","M00569","Catechol meta-cleavage, catechol to acetyl-CoA / 4-methylcatechol to propanoyl-CoA","endothelial_TPA","t-PA",0.164187044816642,0.159600814514502,,,,,,,,1,1,0.05,FALSE,FALSE,FALSE,FALSE,"possible_unresolved","sensitivity_delta_covariance_unavailable_due_overlap","not_triggered_component_fdr_gate_failed","not_estimable_component_missing","insufficient","endothelial_indirect",45
