"exposure_id","module_id","exposure_trait","mediator_id","mediator_name","mediator_source_id","instrument_snp","source_gwas_verification","x_m_overlap_class","exposure_beta","exposure_se","mediator_beta","mediator_se","beta","se","ci_lower","ci_upper","p","p_for_fdr","q","fdr_alpha","provisional_fdr_signal","fdr_significant","odds_ratio","instrument_F","analysis_status","multiplicity_status","evidence_label","family","family_denominator"
"hunt_M00080","M00080","Lipopolysaccharide biosynthesis, inner core to outer core to O-antigen","cytokine_CTACK","CTACK","GCST90428399","rs11200716","verified","possible_unresolved",0.0944526,0.017026,0.000399294925704114,0.00868032447182857,0.0042274635711893,0.091901381982376,-0.175899245114268,0.184354172256646,0.963310249911004,0.963310249911004,1,0.05,FALSE,FALSE,,30.7753199301918,"estimated_single_instrument","complete_200_test_family","exploratory_single_instrument","cytokine_x_to_m",200
"hunt_M00091","M00091","Phosphatidylcholine biosynthesis, PE to PC","cytokine_CTACK","CTACK","GCST90428399","rs148648252","verified","possible_unresolved",0.251359,0.0449862,,,,,,,,1,1,0.05,FALSE,FALSE,,31.2198103407123,"not_estimable_instrument_missing_in_mediator_gwas","complete_200_test_family","non_estimable_or_pending","cytokine_x_to_m",200
"hunt_M00136","M00136","GABA biosynthesis, prokaryotes, putrescine to GABA","cytokine_CTACK","CTACK","GCST90428399","rs12785341","verified","possible_unresolved",-0.110592,0.0191004,0.00971405204048721,0.0131626721415816,-0.0878368420906323,0.119020111233919,-0.321116260109114,0.145442575927849,0.460514449130144,0.460514449130144,1,0.05,FALSE,FALSE,,33.52451468998,"estimated_single_instrument","complete_200_test_family","exploratory_single_instrument","cytokine_x_to_m",200
"hunt_M00530","M00530","Dissimilatory nitrate reduction, nitrate to ammonia","cytokine_CTACK","CTACK","GCST90428399","rs148029532","verified","possible_unresolved",-0.215209,0.0394008,0.00606180442408142,0.0267039842470547,-0.0281670581810306,0.124083956744628,-0.271371613400502,0.215037497038441,0.820423742168503,0.820423742168503,1,0.05,FALSE,FALSE,,29.8339514865138,"estimated_single_instrument","complete_200_test_family","exploratory_single_instrument","cytokine_x_to_m",200
"hunt_M00569","M00569","Catechol meta-cleavage, catechol to acetyl-CoA / 4-methylcatechol to propanoyl-CoA","cytokine_CTACK","CTACK","GCST90428399","rs142427264","verified","possible_unresolved",0.327066,0.0549331,0.00369709148873683,0.0262205070123179,0.0113038086769546,0.080168855864926,-0.1458271488183,0.16843476617221,0.887869942342851,0.887869942342851,1,0.05,FALSE,FALSE,,35.4488853049831,"estimated_single_instrument","complete_200_test_family","exploratory_single_instrument","cytokine_x_to_m",200
"hunt_M00080","M00080","Lipopolysaccharide biosynthesis, inner core to outer core to O-antigen","cytokine_beta_NGF","beta-nerve growth factor","GCST90428400","rs11200716","verified","possible_unresolved",0.0944526,0.017026,0.00429090759198472,0.00777338331881289,0.0454292162628103,0.0822993048239317,-0.115877421192096,0.206735853717716,0.580948353270293,0.580948353270293,1,0.05,FALSE,FALSE,,30.7753199301918,"estimated_single_instrument","complete_200_test_family","exploratory_single_instrument","cytokine_x_to_m",200
"hunt_M00091","M00091","Phosphatidylcholine biosynthesis, PE to PC","cytokine_beta_NGF","beta-nerve growth factor","GCST90428400","rs148648252","verified","possible_unresolved",0.251359,0.0449862,0.00685676726285715,0.0242288595860677,0.0272787815946799,0.0963914543981624,-0.161648469025718,0.216206032215078,0.777176837003003,0.777176837003003,1,0.05,FALSE,FALSE,,31.2198103407123,"estimated_single_instrument","complete_200_test_family","exploratory_single_instrument","cytokine_x_to_m",200
"hunt_M00136","M00136","GABA biosynthesis, prokaryotes, putrescine to GABA","cytokine_beta_NGF","beta-nerve growth factor","GCST90428400","rs12785341","verified","possible_unresolved",-0.110592,0.0191004,0.0140885153150449,0.0118390885000378,-0.127391812382857,0.107051943178872,-0.337213621013446,0.0824299962477321,0.23404639204622,0.23404639204622,1,0.05,FALSE,FALSE,,33.52451468998,"estimated_single_instrument","complete_200_test_family","exploratory_single_instrument","cytokine_x_to_m",200
"hunt_M00530","M00530","Dissimilatory nitrate reduction, nitrate to ammonia","cytokine_beta_NGF","beta-nerve growth factor","GCST90428400","rs148029532","verified","possible_unresolved",-0.215209,0.0394008,0.0119035355048944,0.0247990323018634,-0.0553115134817522,0.115232319753651,-0.281166860198907,0.170543833235403,0.631227393032446,0.631227393032446,1,0.05,FALSE,FALSE,,29.8339514865138,"estimated_single_instrument","complete_200_test_family","exploratory_single_instrument","cytokine_x_to_m",200
"hunt_M00569","M00569","Catechol meta-cleavage, catechol to acetyl-CoA / 4-methylcatechol to propanoyl-CoA","cytokine_beta_NGF","beta-nerve growth factor","GCST90428400","rs142427264","verified","possible_unresolved",0.327066,0.0549331,0.00183639999829669,0.0235435897217525,0.00561476887935979,0.0719842164020488,-0.135474295268656,0.146703833027375,0.937828052993951,0.937828052993951,1,0.05,FALSE,FALSE,,35.4488853049831,"estimated_single_instrument","complete_200_test_family","exploratory_single_instrument","cytokine_x_to_m",200
"hunt_M00080","M00080","Lipopolysaccharide biosynthesis, inner core to outer core to O-antigen","cytokine_CCL11","CCL11","GCST90428401","rs11200716","verified","possible_unresolved",0.0944526,0.017026,0.00029237024751726,0.00812139576436832,0.00309541767529173,0.0859838243136591,-0.16543287797948,0.171623713330064,0.971282358955502,0.971282358955502,1,0.05,FALSE,FALSE,,30.7753199301918,"estimated_single_instrument","complete_200_test_family","exploratory_single_instrument","cytokine_x_to_m",200
"hunt_M00091","M00091","Phosphatidylcholine biosynthesis, PE to PC","cytokine_CCL11","CCL11","GCST90428401","rs148648252","verified","possible_unresolved",0.251359,0.0449862,,,,,,,,1,1,0.05,FALSE,FALSE,,31.2198103407123,"not_estimable_instrument_missing_in_mediator_gwas","complete_200_test_family","non_estimable_or_pending","cytokine_x_to_m",200
"hunt_M00136","M00136","GABA biosynthesis, prokaryotes, putrescine to GABA","cytokine_CCL11","CCL11","GCST90428401","rs12785341","verified","possible_unresolved",-0.110592,0.0191004,0.02028491,0.01236885,-0.18342113353588,0.111842176649306,-0.402631799768519,0.0357895326967593,0.101005234188815,0.101005234188815,1,0.05,FALSE,FALSE,,33.52451468998,"estimated_single_instrument","complete_200_test_family","exploratory_single_instrument","cytokine_x_to_m",200
"hunt_M00530","M00530","Dissimilatory nitrate reduction, nitrate to ammonia","cytokine_CCL11","CCL11","GCST90428401","rs148029532","verified","possible_unresolved",-0.215209,0.0394008,-0.0066350346410497,0.0258172554126448,0.0308306559718678,0.119963641913883,-0.204298082179342,0.265959394123078,0.797178773072233,0.797178773072233,1,0.05,FALSE,FALSE,,29.8339514865138,"estimated_single_instrument","complete_200_test_family","exploratory_single_instrument","cytokine_x_to_m",200
"hunt_M00569","M00569","Catechol meta-cleavage, catechol to acetyl-CoA / 4-methylcatechol to propanoyl-CoA","cytokine_CCL11","CCL11","GCST90428401","rs142427264","verified","possible_unresolved",0.327066,0.0549331,-0.005903306,0.02429344,-0.0180492805733399,0.0742768737808271,-0.163631953183761,0.127533392037081,0.808005394900256,0.808005394900256,1,0.05,FALSE,FALSE,,35.4488853049831,"estimated_single_instrument","complete_200_test_family","exploratory_single_instrument","cytokine_x_to_m",200
"hunt_M00080","M00080","Lipopolysaccharide biosynthesis, inner core to outer core to O-antigen","cytokine_FGF2","Fibroblast growth factor 2","GCST90428402","rs11200716","verified","possible_unresolved",0.0944526,0.017026,0.000523313645592383,0.00817677571238098,0.00554048957458432,0.08657014960288,-0.16413700364706,0.175217982796229,0.94897022680939,0.94897022680939,1,0.05,FALSE,FALSE,,30.7753199301918,"estimated_single_instrument","complete_200_test_family","exploratory_single_instrument","cytokine_x_to_m",200
"hunt_M00091","M00091","Phosphatidylcholine biosynthesis, PE to PC","cytokine_FGF2","Fibroblast growth factor 2","GCST90428402","rs148648252","verified","possible_unresolved",0.251359,0.0449862,,,,,,,,1,1,0.05,FALSE,FALSE,,31.2198103407123,"not_estimable_instrument_missing_in_mediator_gwas","complete_200_test_family","non_estimable_or_pending","cytokine_x_to_m",200
"hunt_M00136","M00136","GABA biosynthesis, prokaryotes, putrescine to GABA","cytokine_FGF2","Fibroblast growth factor 2","GCST90428402","rs12785341","verified","possible_unresolved",-0.110592,0.0191004,-0.00726040402189045,0.0124535231936371,0.0656503546539573,0.112607812442465,-0.155060957733274,0.286361667041189,0.559893300223756,0.559893300223756,1,0.05,FALSE,FALSE,,33.52451468998,"estimated_single_instrument","complete_200_test_family","exploratory_single_instrument","cytokine_x_to_m",200
"hunt_M00530","M00530","Dissimilatory nitrate reduction, nitrate to ammonia","cytokine_FGF2","Fibroblast growth factor 2","GCST90428402","rs148029532","verified","possible_unresolved",-0.215209,0.0394008,-0.0331148697423894,0.0259928333927703,0.153873071025791,0.120779490601091,-0.0828547305523486,0.39060087260393,0.202663416171642,0.202663416171642,1,0.05,FALSE,FALSE,,29.8339514865138,"estimated_single_instrument","complete_200_test_family","exploratory_single_instrument","cytokine_x_to_m",200
"hunt_M00569","M00569","Catechol meta-cleavage, catechol to acetyl-CoA / 4-methylcatechol to propanoyl-CoA","cytokine_FGF2","Fibroblast growth factor 2","GCST90428402","rs142427264","verified","possible_unresolved",0.327066,0.0549331,-0.069090703770063,0.0244568862902878,-0.211243919484333,0.0747766086670207,-0.357806072471694,-0.0646817664969728,0.00472806160340603,0.00472806160340603,0.945612320681206,0.05,FALSE,FALSE,,35.4488853049831,"estimated_single_instrument","complete_200_test_family","exploratory_single_instrument","cytokine_x_to_m",200
"hunt_M00080","M00080","Lipopolysaccharide biosynthesis, inner core to outer core to O-antigen","cytokine_CSF3","CSF3","GCST90428403","rs11200716","verified","possible_unresolved",0.0944526,0.017026,0.00264702752343145,0.00814470007209676,0.0280249302129476,0.086230554501377,-0.140986956609751,0.197036817035646,0.745181071693432,0.745181071693432,1,0.05,FALSE,FALSE,,30.7753199301918,"estimated_single_instrument","complete_200_test_family","exploratory_single_instrument","cytokine_x_to_m",200
"hunt_M00091","M00091","Phosphatidylcholine biosynthesis, PE to PC","cytokine_CSF3","CSF3","GCST90428403","rs148648252","verified","possible_unresolved",0.251359,0.0449862,,,,,,,,1,1,0.05,FALSE,FALSE,,31.2198103407123,"not_estimable_instrument_missing_in_mediator_gwas","complete_200_test_family","non_estimable_or_pending","cytokine_x_to_m",200
"hunt_M00136","M00136","GABA biosynthesis, prokaryotes, putrescine to GABA","cytokine_CSF3","CSF3","GCST90428403","rs12785341","verified","possible_unresolved",-0.110592,0.0191004,0.0038702738521235,0.0124047238850112,-0.0349959658214292,0.112166557119965,-0.254842417776561,0.184850486133703,0.755040523333676,0.755040523333676,1,0.05,FALSE,FALSE,,33.52451468998,"estimated_single_instrument","complete_200_test_family","exploratory_single_instrument","cytokine_x_to_m",200
"hunt_M00530","M00530","Dissimilatory nitrate reduction, nitrate to ammonia","cytokine_CSF3","CSF3","GCST90428403","rs148029532","verified","possible_unresolved",-0.215209,0.0394008,0.00556664560569711,0.0258913749102191,-0.0258662305279849,0.120308048967372,-0.261670006504033,0.209937545448064,0.829767318559608,0.829767318559608,1,0.05,FALSE,FALSE,,29.8339514865138,"estimated_single_instrument","complete_200_test_family","exploratory_single_instrument","cytokine_x_to_m",200
"hunt_M00569","M00569","Catechol meta-cleavage, catechol to acetyl-CoA / 4-methylcatechol to propanoyl-CoA","cytokine_CSF3","CSF3","GCST90428403","rs142427264","verified","possible_unresolved",0.327066,0.0549331,-0.0144473274672422,0.024363115459093,-0.0441725140101453,0.0744899055820324,-0.190172728950929,0.101827700930638,0.553181152255283,0.553181152255283,1,0.05,FALSE,FALSE,,35.4488853049831,"estimated_single_instrument","complete_200_test_family","exploratory_single_instrument","cytokine_x_to_m",200
"hunt_M00080","M00080","Lipopolysaccharide biosynthesis, inner core to outer core to O-antigen","cytokine_CXCL1","CXCL1","GCST90428404","rs11200716","verified","possible_unresolved",0.0944526,0.017026,-0.00287319996071138,0.00731094137585592,-0.0304194904185949,0.0774032835078751,-0.18212992609403,0.12129094525684,0.694319481386191,0.694319481386191,1,0.05,FALSE,FALSE,,30.7753199301918,"estimated_single_instrument","complete_200_test_family","exploratory_single_instrument","cytokine_x_to_m",200
"hunt_M00091","M00091","Phosphatidylcholine biosynthesis, PE to PC","cytokine_CXCL1","CXCL1","GCST90428404","rs148648252","verified","possible_unresolved",0.251359,0.0449862,0.0168886738158222,0.0226389729434614,0.0671894533946356,0.0900662914137206,-0.109340477776257,0.243719384565528,0.4556674150378,0.4556674150378,1,0.05,FALSE,FALSE,,31.2198103407123,"estimated_single_instrument","complete_200_test_family","exploratory_single_instrument","cytokine_x_to_m",200
"hunt_M00136","M00136","GABA biosynthesis, prokaryotes, putrescine to GABA","cytokine_CXCL1","CXCL1","GCST90428404","rs12785341","verified","possible_unresolved",-0.110592,0.0191004,0.0145976906484533,0.0111347754755555,-0.131995900684076,0.100683371993955,-0.329335309792228,0.0653435084240766,0.189857763610531,0.189857763610531,1,0.05,FALSE,FALSE,,33.52451468998,"estimated_single_instrument","complete_200_test_family","exploratory_single_instrument","cytokine_x_to_m",200
"hunt_M00530","M00530","Dissimilatory nitrate reduction, nitrate to ammonia","cytokine_CXCL1","CXCL1","GCST90428404","rs148029532","verified","possible_unresolved",-0.215209,0.0394008,-0.0385605681127047,0.0233135236473426,0.179177302588204,0.108329687175455,-0.0331488842756892,0.391503489452096,0.0981275127059088,0.0981275127059088,1,0.05,FALSE,FALSE,,29.8339514865138,"estimated_single_instrument","complete_200_test_family","exploratory_single_instrument","cytokine_x_to_m",200
"hunt_M00569","M00569","Catechol meta-cleavage, catechol to acetyl-CoA / 4-methylcatechol to propanoyl-CoA","cytokine_CXCL1","CXCL1","GCST90428404","rs142427264","verified","possible_unresolved",0.327066,0.0549331,-0.00543958356951283,0.022112128331353,-0.0166314553316848,0.0676075419987189,-0.149142237649174,0.115879326985804,0.80568223250164,0.80568223250164,1,0.05,FALSE,FALSE,,35.4488853049831,"estimated_single_instrument","complete_200_test_family","exploratory_single_instrument","cytokine_x_to_m",200
"hunt_M00080","M00080","Lipopolysaccharide biosynthesis, inner core to outer core to O-antigen","cytokine_HGF","Hepatocyte growth factor","GCST90428405","rs11200716","verified","possible_unresolved",0.0944526,0.017026,-0.00249432651813967,0.00708615488107861,-0.0264082356456008,0.0750233967204567,-0.173454093217696,0.120637621926494,0.724838262475138,0.724838262475138,1,0.05,FALSE,FALSE,,30.7753199301918,"estimated_single_instrument","complete_200_test_family","exploratory_single_instrument","cytokine_x_to_m",200
"hunt_M00091","M00091","Phosphatidylcholine biosynthesis, PE to PC","cytokine_HGF","Hepatocyte growth factor","GCST90428405","rs148648252","verified","possible_unresolved",0.251359,0.0449862,0.0416046839294557,0.0231780968966327,0.165518974572049,0.092211127895292,-0.0152148361027232,0.346252785246821,0.0726536999364174,0.0726536999364174,1,0.05,FALSE,FALSE,,31.2198103407123,"estimated_single_instrument","complete_200_test_family","exploratory_single_instrument","cytokine_x_to_m",200
"hunt_M00136","M00136","GABA biosynthesis, prokaryotes, putrescine to GABA","cytokine_HGF","Hepatocyte growth factor","GCST90428405","rs12785341","verified","possible_unresolved",-0.110592,0.0191004,-0.000485667717462271,0.010792615943606,0.00439152666976156,0.0975894815502568,-0.186883857168742,0.195666910508265,0.964107308955722,0.964107308955722,1,0.05,FALSE,FALSE,,33.52451468998,"estimated_single_instrument","complete_200_test_family","exploratory_single_instrument","cytokine_x_to_m",200
"hunt_M00530","M00530","Dissimilatory nitrate reduction, nitrate to ammonia","cytokine_HGF","Hepatocyte growth factor","GCST90428405","rs148029532","verified","possible_unresolved",-0.215209,0.0394008,-0.0241968471911641,0.0225927611495463,0.112434178826927,0.104980559128783,-0.0933277170654882,0.318196074719342,0.284169429644531,0.284169429644531,1,0.05,FALSE,FALSE,,29.8339514865138,"estimated_single_instrument","complete_200_test_family","exploratory_single_instrument","cytokine_x_to_m",200
"hunt_M00569","M00569","Catechol meta-cleavage, catechol to acetyl-CoA / 4-methylcatechol to propanoyl-CoA","cytokine_HGF","Hepatocyte growth factor","GCST90428405","rs142427264","verified","possible_unresolved",0.327066,0.0549331,-0.0160468213920808,0.0215973370014547,-0.0490629456809353,0.0660335742677463,-0.178488751245718,0.0803628598838473,0.457481680431238,0.457481680431238,1,0.05,FALSE,FALSE,,35.4488853049831,"estimated_single_instrument","complete_200_test_family","exploratory_single_instrument","cytokine_x_to_m",200
"hunt_M00080","M00080","Lipopolysaccharide biosynthesis, inner core to outer core to O-antigen","cytokine_IFNG","Interferon gamma","GCST90428406","rs11200716","verified","possible_unresolved",0.0944526,0.017026,-0.00391048159514029,0.00816384466626366,-0.0414015240992867,0.0864332444661519,-0.210810683252944,0.128007635054371,0.631938628653826,0.631938628653826,1,0.05,FALSE,FALSE,,30.7753199301918,"estimated_single_instrument","complete_200_test_family","exploratory_single_instrument","cytokine_x_to_m",200
"hunt_M00091","M00091","Phosphatidylcholine biosynthesis, PE to PC","cytokine_IFNG","Interferon gamma","GCST90428406","rs148648252","verified","possible_unresolved",0.251359,0.0449862,,,,,,,,1,1,0.05,FALSE,FALSE,,31.2198103407123,"not_estimable_instrument_missing_in_mediator_gwas","complete_200_test_family","non_estimable_or_pending","cytokine_x_to_m",200
"hunt_M00136","M00136","GABA biosynthesis, prokaryotes, putrescine to GABA","cytokine_IFNG","Interferon gamma","GCST90428406","rs12785341","verified","possible_unresolved",-0.110592,0.0191004,-0.0005968277,0.01243391,0.0053966625072338,0.112430465133102,-0.214967049153646,0.225760374168113,0.961716241326554,0.961716241326554,1,0.05,FALSE,FALSE,,33.52451468998,"estimated_single_instrument","complete_200_test_family","exploratory_single_instrument","cytokine_x_to_m",200
"hunt_M00530","M00530","Dissimilatory nitrate reduction, nitrate to ammonia","cytokine_IFNG","Interferon gamma","GCST90428406","rs148029532","verified","possible_unresolved",-0.215209,0.0394008,-0.0226042416427282,0.0259520569950955,0.105033904914424,0.120590017123334,-0.13132252864731,0.341390338476158,0.3837541530904,0.3837541530904,1,0.05,FALSE,FALSE,,29.8339514865138,"estimated_single_instrument","complete_200_test_family","exploratory_single_instrument","cytokine_x_to_m",200
"hunt_M00569","M00569","Catechol meta-cleavage, catechol to acetyl-CoA / 4-methylcatechol to propanoyl-CoA","cytokine_IFNG","Interferon gamma","GCST90428406","rs142427264","verified","possible_unresolved",0.327066,0.0549331,-0.008937901,0.02442049,-0.0273275149358233,0.0746653274874184,-0.173671556811163,0.119016526939517,0.7143650248486,0.7143650248486,1,0.05,FALSE,FALSE,,35.4488853049831,"estimated_single_instrument","complete_200_test_family","exploratory_single_instrument","cytokine_x_to_m",200
"hunt_M00080","M00080","Lipopolysaccharide biosynthesis, inner core to outer core to O-antigen","cytokine_IL10","Interleukin-10","GCST90428407","rs11200716","verified","possible_unresolved",0.0944526,0.017026,-0.000530780601852179,0.00816585541311045,-0.00561954463775671,0.0864545328885647,-0.175070429099344,0.16383133982383,0.948174000256252,0.948174000256252,1,0.05,FALSE,FALSE,,30.7753199301918,"estimated_single_instrument","complete_200_test_family","exploratory_single_instrument","cytokine_x_to_m",200
"hunt_M00091","M00091","Phosphatidylcholine biosynthesis, PE to PC","cytokine_IL10","Interleukin-10","GCST90428407","rs148648252","verified","possible_unresolved",0.251359,0.0449862,,,,,,,,1,1,0.05,FALSE,FALSE,,31.2198103407123,"not_estimable_instrument_missing_in_mediator_gwas","complete_200_test_family","non_estimable_or_pending","cytokine_x_to_m",200
"hunt_M00136","M00136","GABA biosynthesis, prokaryotes, putrescine to GABA","cytokine_IL10","Interleukin-10","GCST90428407","rs12785341","verified","possible_unresolved",-0.110592,0.0191004,0.00354452499999714,0.0124369298245514,-0.0320504647713862,0.112457771127671,-0.252467696181622,0.188366766638849,0.775644141925003,0.775644141925003,1,0.05,FALSE,FALSE,,33.52451468998,"estimated_single_instrument","complete_200_test_family","exploratory_single_instrument","cytokine_x_to_m",200
"hunt_M00530","M00530","Dissimilatory nitrate reduction, nitrate to ammonia","cytokine_IL10","Interleukin-10","GCST90428407","rs148029532","verified","possible_unresolved",-0.215209,0.0394008,0.0123562656699675,0.0259585413234611,-0.0574151902102956,0.120620147500621,-0.293830679311512,0.179000298890921,0.634074377903058,0.634074377903058,1,0.05,FALSE,FALSE,,29.8339514865138,"estimated_single_instrument","complete_200_test_family","exploratory_single_instrument","cytokine_x_to_m",200
"hunt_M00569","M00569","Catechol meta-cleavage, catechol to acetyl-CoA / 4-methylcatechol to propanoyl-CoA","cytokine_IL10","Interleukin-10","GCST90428407","rs142427264","verified","possible_unresolved",0.327066,0.0549331,-0.0346847951868276,0.0244259121033998,-0.106048305806252,0.0746819054973608,-0.252424840581079,0.0403282289685752,0.155607681053094,0.155607681053094,1,0.05,FALSE,FALSE,,35.4488853049831,"estimated_single_instrument","complete_200_test_family","exploratory_single_instrument","cytokine_x_to_m",200
"hunt_M00080","M00080","Lipopolysaccharide biosynthesis, inner core to outer core to O-antigen","cytokine_IL13","Interleukin-13","GCST90428408","rs11200716","verified","possible_unresolved",0.0944526,0.017026,-0.00209324674706774,0.00868567114965867,-0.0221618753434817,0.0919579889771025,-0.202399533738603,0.158075783051639,0.809555116523886,0.809555116523886,1,0.05,FALSE,FALSE,,30.7753199301918,"estimated_single_instrument","complete_200_test_family","exploratory_single_instrument","cytokine_x_to_m",200
"hunt_M00091","M00091","Phosphatidylcholine biosynthesis, PE to PC","cytokine_IL13","Interleukin-13","GCST90428408","rs148648252","verified","possible_unresolved",0.251359,0.0449862,,,,,,,,1,1,0.05,FALSE,FALSE,,31.2198103407123,"not_estimable_instrument_missing_in_mediator_gwas","complete_200_test_family","non_estimable_or_pending","cytokine_x_to_m",200
"hunt_M00136","M00136","GABA biosynthesis, prokaryotes, putrescine to GABA","cytokine_IL13","Interleukin-13","GCST90428408","rs12785341","verified","possible_unresolved",-0.110592,0.0191004,0.024728843488501,0.0131746635527443,-0.223604270548512,0.119128540515989,-0.457096209959851,0.0098876688628276,0.0605180938629328,0.0605180938629328,1,0.05,FALSE,FALSE,,33.52451468998,"estimated_single_instrument","complete_200_test_family","exploratory_single_instrument","cytokine_x_to_m",200
"hunt_M00530","M00530","Dissimilatory nitrate reduction, nitrate to ammonia","cytokine_IL13","Interleukin-13","GCST90428408","rs148029532","verified","possible_unresolved",-0.215209,0.0394008,-0.00447581889785209,0.0268013107655814,0.0207975451670334,0.12453619860499,-0.223293404098748,0.264888494432815,0.867370048924768,0.867370048924768,1,0.05,FALSE,FALSE,,29.8339514865138,"estimated_single_instrument","complete_200_test_family","exploratory_single_instrument","cytokine_x_to_m",200
"hunt_M00569","M00569","Catechol meta-cleavage, catechol to acetyl-CoA / 4-methylcatechol to propanoyl-CoA","cytokine_IL13","Interleukin-13","GCST90428408","rs142427264","verified","possible_unresolved",0.327066,0.0549331,-0.0529079929325681,0.0262440441133771,-0.161765493608532,0.0802408202423275,-0.319037501283494,-0.00449348593356994,0.0437999757901908,0.0437999757901908,1,0.05,FALSE,FALSE,,35.4488853049831,"estimated_single_instrument","complete_200_test_family","exploratory_single_instrument","cytokine_x_to_m",200
"hunt_M00080","M00080","Lipopolysaccharide biosynthesis, inner core to outer core to O-antigen","cytokine_IL16","Interleukin-16","GCST90428409","rs11200716","verified","possible_unresolved",0.0944526,0.017026,0.00715415055025519,0.00724837948354122,0.0757432886998896,0.0767409206685811,-0.0746689158105293,0.226155493210308,0.323642638598059,0.323642638598059,1,0.05,FALSE,FALSE,,30.7753199301918,"estimated_single_instrument","complete_200_test_family","exploratory_single_instrument","cytokine_x_to_m",200
"hunt_M00091","M00091","Phosphatidylcholine biosynthesis, PE to PC","cytokine_IL16","Interleukin-16","GCST90428409","rs148648252","verified","possible_unresolved",0.251359,0.0449862,0.0195373961425265,0.0226389294814907,0.0777270602704757,0.0900661185057655,-0.0988025320008246,0.254256652541776,0.388137466948252,0.388137466948252,1,0.05,FALSE,FALSE,,31.2198103407123,"estimated_single_instrument","complete_200_test_family","exploratory_single_instrument","cytokine_x_to_m",200
"hunt_M00136","M00136","GABA biosynthesis, prokaryotes, putrescine to GABA","cytokine_IL16","Interleukin-16","GCST90428409","rs12785341","verified","possible_unresolved",-0.110592,0.0191004,-0.00985843048956288,0.0110396758001824,0.089142347453368,0.0998234573945891,-0.106511629040027,0.284796323946763,0.37185717266634,0.37185717266634,1,0.05,FALSE,FALSE,,33.52451468998,"estimated_single_instrument","complete_200_test_family","exploratory_single_instrument","cytokine_x_to_m",200
"hunt_M00530","M00530","Dissimilatory nitrate reduction, nitrate to ammonia","cytokine_IL16","Interleukin-16","GCST90428409","rs148029532","verified","possible_unresolved",-0.215209,0.0394008,0.0166879004614082,0.0231134355421166,-0.0775427629021472,0.107399948617932,-0.288046662193295,0.132961136389,0.470294477522882,0.470294477522882,1,0.05,FALSE,FALSE,,29.8339514865138,"estimated_single_instrument","complete_200_test_family","exploratory_single_instrument","cytokine_x_to_m",200
"hunt_M00569","M00569","Catechol meta-cleavage, catechol to acetyl-CoA / 4-methylcatechol to propanoyl-CoA","cytokine_IL16","Interleukin-16","GCST90428409","rs142427264","verified","possible_unresolved",0.327066,0.0549331,-0.00201264508799344,0.0221169789889389,-0.00615363592667364,0.0676223728205894,-0.138693486655029,0.126386214801682,0.927492591057545,0.927492591057545,1,0.05,FALSE,FALSE,,35.4488853049831,"estimated_single_instrument","complete_200_test_family","exploratory_single_instrument","cytokine_x_to_m",200
"hunt_M00080","M00080","Lipopolysaccharide biosynthesis, inner core to outer core to O-antigen","cytokine_IL17","Interleukin-17","GCST90428410","rs11200716","verified","possible_unresolved",0.0944526,0.017026,0.00272486361692364,0.00815827430216658,0.0288490059238564,0.086374269233103,-0.140444561773025,0.198142573620738,0.738379558668355,0.738379558668355,1,0.05,FALSE,FALSE,,30.7753199301918,"estimated_single_instrument","complete_200_test_family","exploratory_single_instrument","cytokine_x_to_m",200
"hunt_M00091","M00091","Phosphatidylcholine biosynthesis, PE to PC","cytokine_IL17","Interleukin-17","GCST90428410","rs148648252","verified","possible_unresolved",0.251359,0.0449862,,,,,,,,1,1,0.05,FALSE,FALSE,,31.2198103407123,"not_estimable_instrument_missing_in_mediator_gwas","complete_200_test_family","non_estimable_or_pending","cytokine_x_to_m",200
"hunt_M00136","M00136","GABA biosynthesis, prokaryotes, putrescine to GABA","cytokine_IL17","Interleukin-17","GCST90428410","rs12785341","verified","possible_unresolved",-0.110592,0.0191004,0.00324302982840672,0.0124254016414051,-0.0293242714518837,0.112353530466988,-0.24953719116718,0.190888648263412,0.794092507255618,0.794092507255618,1,0.05,FALSE,FALSE,,33.52451468998,"estimated_single_instrument","complete_200_test_family","exploratory_single_instrument","cytokine_x_to_m",200
"hunt_M00530","M00530","Dissimilatory nitrate reduction, nitrate to ammonia","cytokine_IL17","Interleukin-17","GCST90428410","rs148029532","verified","possible_unresolved",-0.215209,0.0394008,-0.00910301127568386,0.0259345050589284,0.0422984692818788,0.120508459492532,-0.193898111323485,0.278495049887242,0.725588348398776,0.725588348398776,1,0.05,FALSE,FALSE,,29.8339514865138,"estimated_single_instrument","complete_200_test_family","exploratory_single_instrument","cytokine_x_to_m",200
"hunt_M00569","M00569","Catechol meta-cleavage, catechol to acetyl-CoA / 4-methylcatechol to propanoyl-CoA","cytokine_IL17","Interleukin-17","GCST90428410","rs142427264","verified","possible_unresolved",0.327066,0.0549331,-0.0286008348111494,0.0244034426716292,-0.0874466768516122,0.0746132055047886,-0.233688559640998,0.0587952059377735,0.241197056152024,0.241197056152024,1,0.05,FALSE,FALSE,,35.4488853049831,"estimated_single_instrument","complete_200_test_family","exploratory_single_instrument","cytokine_x_to_m",200
"hunt_M00080","M00080","Lipopolysaccharide biosynthesis, inner core to outer core to O-antigen","cytokine_IL18","Interleukin-18","GCST90428411","rs11200716","verified","possible_unresolved",0.0944526,0.017026,-0.00268002536894374,0.00752816114871837,-0.0283742889972721,0.0797030589811013,-0.184592284600231,0.127843706605687,0.72184056518089,0.72184056518089,1,0.05,FALSE,FALSE,,30.7753199301918,"estimated_single_instrument","complete_200_test_family","exploratory_single_instrument","cytokine_x_to_m",200
"hunt_M00091","M00091","Phosphatidylcholine biosynthesis, PE to PC","cytokine_IL18","Interleukin-18","GCST90428411","rs148648252","verified","possible_unresolved",0.251359,0.0449862,0.0272339334660408,0.0238894153210884,0.108346760872063,0.0950410183088268,-0.0779336350132379,0.294627156757363,0.254286301125596,0.254286301125596,1,0.05,FALSE,FALSE,,31.2198103407123,"estimated_single_instrument","complete_200_test_family","exploratory_single_instrument","cytokine_x_to_m",200
"hunt_M00136","M00136","GABA biosynthesis, prokaryotes, putrescine to GABA","cytokine_IL18","Interleukin-18","GCST90428411","rs12785341","verified","possible_unresolved",-0.110592,0.0191004,-0.0105798922516393,0.0111367286859361,0.0956659817314028,0.100701033401477,-0.101708043735491,0.293040007198297,0.342112252616963,0.342112252616963,1,0.05,FALSE,FALSE,,33.52451468998,"estimated_single_instrument","complete_200_test_family","exploratory_single_instrument","cytokine_x_to_m",200
"hunt_M00530","M00530","Dissimilatory nitrate reduction, nitrate to ammonia","cytokine_IL18","Interleukin-18","GCST90428411","rs148029532","verified","possible_unresolved",-0.215209,0.0394008,-0.0237061774699735,0.022072790940385,0.110154210418586,0.102564441730527,-0.0908720953732469,0.311180516210419,0.282822681550462,0.282822681550462,1,0.05,FALSE,FALSE,,29.8339514865138,"estimated_single_instrument","complete_200_test_family","exploratory_single_instrument","cytokine_x_to_m",200
"hunt_M00569","M00569","Catechol meta-cleavage, catechol to acetyl-CoA / 4-methylcatechol to propanoyl-CoA","cytokine_IL18","Interleukin-18","GCST90428411","rs142427264","verified","possible_unresolved",0.327066,0.0549331,0.0103041425748405,0.0221118939374259,0.0315047806095421,0.0676068253423648,-0.101004597061493,0.164014158280577,0.641215500554049,0.641215500554049,1,0.05,FALSE,FALSE,,35.4488853049831,"estimated_single_instrument","complete_200_test_family","exploratory_single_instrument","cytokine_x_to_m",200
"hunt_M00080","M00080","Lipopolysaccharide biosynthesis, inner core to outer core to O-antigen","cytokine_IL1B","Interleukin-1 beta","GCST90428412","rs11200716","verified","possible_unresolved",0.0944526,0.017026,0.000146456563394317,0.00861509196437158,0.00155058265621398,0.0912107444831755,-0.17722247653081,0.180323641843238,0.986436615772505,0.986436615772505,1,0.05,FALSE,FALSE,,30.7753199301918,"estimated_single_instrument","complete_200_test_family","exploratory_single_instrument","cytokine_x_to_m",200
"hunt_M00091","M00091","Phosphatidylcholine biosynthesis, PE to PC","cytokine_IL1B","Interleukin-1 beta","GCST90428412","rs148648252","verified","possible_unresolved",0.251359,0.0449862,,,,,,,,1,1,0.05,FALSE,FALSE,,31.2198103407123,"not_estimable_instrument_missing_in_mediator_gwas","complete_200_test_family","non_estimable_or_pending","cytokine_x_to_m",200
"hunt_M00136","M00136","GABA biosynthesis, prokaryotes, putrescine to GABA","cytokine_IL1B","Interleukin-1 beta","GCST90428412","rs12785341","verified","possible_unresolved",-0.110592,0.0191004,0.0103262195390962,0.0131209905198173,-0.0933722108208207,0.118643215782491,-0.325912913754504,0.139168492112863,0.431281866159744,0.431281866159744,1,0.05,FALSE,FALSE,,33.52451468998,"estimated_single_instrument","complete_200_test_family","exploratory_single_instrument","cytokine_x_to_m",200
"hunt_M00530","M00530","Dissimilatory nitrate reduction, nitrate to ammonia","cytokine_IL1B","Interleukin-1 beta","GCST90428412","rs148029532","verified","possible_unresolved",-0.215209,0.0394008,-0.0118036375946147,0.0273866301499181,0.0548473232746525,0.127255970474832,-0.194574378856018,0.304269025405323,0.6664683704858,0.6664683704858,1,0.05,FALSE,FALSE,,29.8339514865138,"estimated_single_instrument","complete_200_test_family","exploratory_single_instrument","cytokine_x_to_m",200
"hunt_M00569","M00569","Catechol meta-cleavage, catechol to acetyl-CoA / 4-methylcatechol to propanoyl-CoA","cytokine_IL1B","Interleukin-1 beta","GCST90428412","rs142427264","verified","possible_unresolved",0.327066,0.0549331,-0.0189155282367936,0.0257704744370484,-0.0578339791870558,0.078792887175825,-0.212268038051673,0.0966000796775613,0.462948738083474,0.462948738083474,1,0.05,FALSE,FALSE,,35.4488853049831,"estimated_single_instrument","complete_200_test_family","exploratory_single_instrument","cytokine_x_to_m",200
"hunt_M00080","M00080","Lipopolysaccharide biosynthesis, inner core to outer core to O-antigen","cytokine_IL1RA","Interleukin-1 receptor antagonist","GCST90428413","rs11200716","verified","possible_unresolved",0.0944526,0.017026,0.00364529231460692,0.00724710201711116,0.0385938800478433,0.0767273957213582,-0.111791815566019,0.188979575661705,0.614964272158529,0.614964272158529,1,0.05,FALSE,FALSE,,30.7753199301918,"estimated_single_instrument","complete_200_test_family","exploratory_single_instrument","cytokine_x_to_m",200
"hunt_M00091","M00091","Phosphatidylcholine biosynthesis, PE to PC","cytokine_IL1RA","Interleukin-1 receptor antagonist","GCST90428413","rs148648252","verified","possible_unresolved",0.251359,0.0449862,0.0214778856834454,0.022655997556377,0.0854470525560867,0.0901340216836358,-0.0912156299438394,0.262109735056013,0.343129454200524,0.343129454200524,1,0.05,FALSE,FALSE,,31.2198103407123,"estimated_single_instrument","complete_200_test_family","exploratory_single_instrument","cytokine_x_to_m",200
"hunt_M00136","M00136","GABA biosynthesis, prokaryotes, putrescine to GABA","cytokine_IL1RA","Interleukin-1 receptor antagonist","GCST90428413","rs12785341","verified","possible_unresolved",-0.110592,0.0191004,0.00421641027307627,0.0110377232279484,-0.038125816271306,0.0998058017573459,-0.233745187715704,0.157493555173092,0.702461364634422,0.702461364634422,1,0.05,FALSE,FALSE,,33.52451468998,"estimated_single_instrument","complete_200_test_family","exploratory_single_instrument","cytokine_x_to_m",200
"hunt_M00530","M00530","Dissimilatory nitrate reduction, nitrate to ammonia","cytokine_IL1RA","Interleukin-1 receptor antagonist","GCST90428413","rs148029532","verified","possible_unresolved",-0.215209,0.0394008,0.0100525254930256,0.0231092540069555,-0.046710525549701,0.10738051850506,-0.257176341819619,0.163755290720217,0.66356242743804,0.66356242743804,1,0.05,FALSE,FALSE,,29.8339514865138,"estimated_single_instrument","complete_200_test_family","exploratory_single_instrument","cytokine_x_to_m",200
"hunt_M00569","M00569","Catechol meta-cleavage, catechol to acetyl-CoA / 4-methylcatechol to propanoyl-CoA","cytokine_IL1RA","Interleukin-1 receptor antagonist","GCST90428413","rs142427264","verified","possible_unresolved",0.327066,0.0549331,0.0308727653287993,0.0220993309440224,0.0943930745745486,0.0675684141550097,-0.0380410171692704,0.226827166318368,0.162413571119594,0.162413571119594,1,0.05,FALSE,FALSE,,35.4488853049831,"estimated_single_instrument","complete_200_test_family","exploratory_single_instrument","cytokine_x_to_m",200
"hunt_M00080","M00080","Lipopolysaccharide biosynthesis, inner core to outer core to O-antigen","cytokine_IL2","Interleukin-2","GCST90428414","rs11200716","verified","possible_unresolved",0.0944526,0.017026,0.00406621686666527,0.00859665299506399,0.0430503434173889,0.0910155251953254,-0.135340085965449,0.221440772800227,0.636213179178559,0.636213179178559,1,0.05,FALSE,FALSE,,30.7753199301918,"estimated_single_instrument","complete_200_test_family","exploratory_single_instrument","cytokine_x_to_m",200
"hunt_M00091","M00091","Phosphatidylcholine biosynthesis, PE to PC","cytokine_IL2","Interleukin-2","GCST90428414","rs148648252","verified","possible_unresolved",0.251359,0.0449862,,,,,,,,1,1,0.05,FALSE,FALSE,,31.2198103407123,"not_estimable_instrument_missing_in_mediator_gwas","complete_200_test_family","non_estimable_or_pending","cytokine_x_to_m",200
"hunt_M00136","M00136","GABA biosynthesis, prokaryotes, putrescine to GABA","cytokine_IL2","Interleukin-2","GCST90428414","rs12785341","verified","possible_unresolved",-0.110592,0.0191004,-0.00576092856604727,0.0130930194682892,0.0520917296553753,0.118390294671307,-0.179953247900387,0.284136707211137,0.659937107321186,0.659937107321186,1,0.05,FALSE,FALSE,,33.52451468998,"estimated_single_instrument","complete_200_test_family","exploratory_single_instrument","cytokine_x_to_m",200
"hunt_M00530","M00530","Dissimilatory nitrate reduction, nitrate to ammonia","cytokine_IL2","Interleukin-2","GCST90428414","rs148029532","verified","possible_unresolved",-0.215209,0.0394008,0.00776118892853109,0.027328130030039,-0.036063496083022,0.126984141137401,-0.284952412712329,0.212825420546285,0.776410380642662,0.776410380642662,1,0.05,FALSE,FALSE,,29.8339514865138,"estimated_single_instrument","complete_200_test_family","exploratory_single_instrument","cytokine_x_to_m",200
"hunt_M00569","M00569","Catechol meta-cleavage, catechol to acetyl-CoA / 4-methylcatechol to propanoyl-CoA","cytokine_IL2","Interleukin-2","GCST90428414","rs142427264","verified","possible_unresolved",0.327066,0.0549331,,,,,,,,1,1,0.05,FALSE,FALSE,,35.4488853049831,"not_estimable_instrument_missing_in_mediator_gwas","complete_200_test_family","non_estimable_or_pending","cytokine_x_to_m",200
"hunt_M00080","M00080","Lipopolysaccharide biosynthesis, inner core to outer core to O-antigen","cytokine_IL2RA","Interleukin-2 receptor antagonist","GCST90428415","rs11200716","verified","possible_unresolved",0.0944526,0.017026,0.0138215191455287,0.00857414339052649,0.146332860562109,0.0907772087854277,-0.0315904686573289,0.324256189781548,0.106961939725823,0.106961939725823,1,0.05,FALSE,FALSE,,30.7753199301918,"estimated_single_instrument","complete_200_test_family","exploratory_single_instrument","cytokine_x_to_m",200
"hunt_M00091","M00091","Phosphatidylcholine biosynthesis, PE to PC","cytokine_IL2RA","Interleukin-2 receptor antagonist","GCST90428415","rs148648252","verified","possible_unresolved",0.251359,0.0449862,,,,,,,,1,1,0.05,FALSE,FALSE,,31.2198103407123,"not_estimable_instrument_missing_in_mediator_gwas","complete_200_test_family","non_estimable_or_pending","cytokine_x_to_m",200
"hunt_M00136","M00136","GABA biosynthesis, prokaryotes, putrescine to GABA","cytokine_IL2RA","Interleukin-2 receptor antagonist","GCST90428415","rs12785341","verified","possible_unresolved",-0.110592,0.0191004,0.0109565434870072,0.0130590506400563,-0.0990717546206525,0.118083140191481,-0.330514709395956,0.132371200154651,0.401469309603825,0.401469309603825,1,0.05,FALSE,FALSE,,33.52451468998,"estimated_single_instrument","complete_200_test_family","exploratory_single_instrument","cytokine_x_to_m",200
"hunt_M00530","M00530","Dissimilatory nitrate reduction, nitrate to ammonia","cytokine_IL2RA","Interleukin-2 receptor antagonist","GCST90428415","rs148029532","verified","possible_unresolved",-0.215209,0.0394008,-0.00975814385508737,0.0272573850700765,0.0453426383426686,0.126655414364996,-0.202901973812724,0.293587250498061,0.720343313548396,0.720343313548396,1,0.05,FALSE,FALSE,,29.8339514865138,"estimated_single_instrument","complete_200_test_family","exploratory_single_instrument","cytokine_x_to_m",200
"hunt_M00569","M00569","Catechol meta-cleavage, catechol to acetyl-CoA / 4-methylcatechol to propanoyl-CoA","cytokine_IL2RA","Interleukin-2 receptor antagonist","GCST90428415","rs142427264","verified","possible_unresolved",0.327066,0.0549331,0.0122345283916761,0.0256489064815012,0.0374069098948717,0.0784211947481585,-0.116298631811519,0.191112451601262,0.633362121638255,0.633362121638255,1,0.05,FALSE,FALSE,,35.4488853049831,"estimated_single_instrument","complete_200_test_family","exploratory_single_instrument","cytokine_x_to_m",200
"hunt_M00080","M00080","Lipopolysaccharide biosynthesis, inner core to outer core to O-antigen","cytokine_IL4","Interleukin-4","GCST90428416","rs11200716","verified","possible_unresolved",0.0944526,0.017026,0.00251846849493587,0.00812409191914797,0.0266638345046708,0.0860123693699059,-0.141920409460345,0.195248078469686,0.756560956355962,0.756560956355962,1,0.05,FALSE,FALSE,,30.7753199301918,"estimated_single_instrument","complete_200_test_family","exploratory_single_instrument","cytokine_x_to_m",200
"hunt_M00091","M00091","Phosphatidylcholine biosynthesis, PE to PC","cytokine_IL4","Interleukin-4","GCST90428416","rs148648252","verified","possible_unresolved",0.251359,0.0449862,,,,,,,,1,1,0.05,FALSE,FALSE,,31.2198103407123,"not_estimable_instrument_missing_in_mediator_gwas","complete_200_test_family","non_estimable_or_pending","cytokine_x_to_m",200
"hunt_M00136","M00136","GABA biosynthesis, prokaryotes, putrescine to GABA","cytokine_IL4","Interleukin-4","GCST90428416","rs12785341","verified","possible_unresolved",-0.110592,0.0191004,0.00765907082960002,0.0123732969783522,-0.0692551977502895,0.111882387318723,-0.288544676894986,0.150034281394407,0.53591635888597,0.53591635888597,1,0.05,FALSE,FALSE,,33.52451468998,"estimated_single_instrument","complete_200_test_family","exploratory_single_instrument","cytokine_x_to_m",200
"hunt_M00530","M00530","Dissimilatory nitrate reduction, nitrate to ammonia","cytokine_IL4","Interleukin-4","GCST90428416","rs148029532","verified","possible_unresolved",-0.215209,0.0394008,-0.0126804690056934,0.0258258024555874,0.05892164828466,0.120003356995234,-0.176284931425999,0.294128227995319,0.623426447551428,0.623426447551428,1,0.05,FALSE,FALSE,,29.8339514865138,"estimated_single_instrument","complete_200_test_family","exploratory_single_instrument","cytokine_x_to_m",200
"hunt_M00569","M00569","Catechol meta-cleavage, catechol to acetyl-CoA / 4-methylcatechol to propanoyl-CoA","cytokine_IL4","Interleukin-4","GCST90428416","rs142427264","verified","possible_unresolved",0.327066,0.0549331,-0.0416271531903593,0.0243007315763919,-0.127274474235657,0.074299167679893,-0.272900842888247,0.0183518944169337,0.0867125395925632,0.0867125395925632,1,0.05,FALSE,FALSE,,35.4488853049831,"estimated_single_instrument","complete_200_test_family","exploratory_single_instrument","cytokine_x_to_m",200
"hunt_M00080","M00080","Lipopolysaccharide biosynthesis, inner core to outer core to O-antigen","cytokine_IL5","Interleukin-5","GCST90428417","rs11200716","verified","possible_unresolved",0.0944526,0.017026,0.00132278101445088,0.00870250667401892,0.014004707275934,0.0921362320785126,-0.166582307597951,0.194591722149819,0.879186935651522,0.879186935651522,1,0.05,FALSE,FALSE,,30.7753199301918,"estimated_single_instrument","complete_200_test_family","exploratory_single_instrument","cytokine_x_to_m",200
"hunt_M00091","M00091","Phosphatidylcholine biosynthesis, PE to PC","cytokine_IL5","Interleukin-5","GCST90428417","rs148648252","verified","possible_unresolved",0.251359,0.0449862,,,,,,,,1,1,0.05,FALSE,FALSE,,31.2198103407123,"not_estimable_instrument_missing_in_mediator_gwas","complete_200_test_family","non_estimable_or_pending","cytokine_x_to_m",200
"hunt_M00136","M00136","GABA biosynthesis, prokaryotes, putrescine to GABA","cytokine_IL5","Interleukin-5","GCST90428417","rs12785341","verified","possible_unresolved",-0.110592,0.0191004,0.0198685206060898,0.0132016748213221,-0.179656038466524,0.119372783034235,-0.413626693213624,0.0543146162805765,0.132324076737634,0.132324076737634,1,0.05,FALSE,FALSE,,33.52451468998,"estimated_single_instrument","complete_200_test_family","exploratory_single_instrument","cytokine_x_to_m",200
"hunt_M00530","M00530","Dissimilatory nitrate reduction, nitrate to ammonia","cytokine_IL5","Interleukin-5","GCST90428417","rs148029532","verified","possible_unresolved",-0.215209,0.0394008,-0.00320631585504751,0.0269438307146849,0.0148986141613386,0.125198438330576,-0.23049032496659,0.260287553289267,0.905275355781907,0.905275355781907,1,0.05,FALSE,FALSE,,29.8339514865138,"estimated_single_instrument","complete_200_test_family","exploratory_single_instrument","cytokine_x_to_m",200
"hunt_M00569","M00569","Catechol meta-cleavage, catechol to acetyl-CoA / 4-methylcatechol to propanoyl-CoA","cytokine_IL5","Interleukin-5","GCST90428417","rs142427264","verified","possible_unresolved",0.327066,0.0549331,-0.0389169318131394,0.0263130032543201,-0.118988007965179,0.0804516619101958,-0.276673265309163,0.0386972493788043,0.139140314811749,0.139140314811749,1,0.05,FALSE,FALSE,,35.4488853049831,"estimated_single_instrument","complete_200_test_family","exploratory_single_instrument","cytokine_x_to_m",200
"hunt_M00080","M00080","Lipopolysaccharide biosynthesis, inner core to outer core to O-antigen","cytokine_IL6","Interleukin-6","GCST90428418","rs11200716","verified","possible_unresolved",0.0944526,0.017026,0.00329073870842793,0.0072643238596643,0.0348401071905689,0.0769097288975031,-0.115902961448537,0.185583175829675,0.650548741519884,0.650548741519884,1,0.05,FALSE,FALSE,,30.7753199301918,"estimated_single_instrument","complete_200_test_family","exploratory_single_instrument","cytokine_x_to_m",200
"hunt_M00091","M00091","Phosphatidylcholine biosynthesis, PE to PC","cytokine_IL6","Interleukin-6","GCST90428418","rs148648252","verified","possible_unresolved",0.251359,0.0449862,0.0545030141441369,0.0238734183723771,0.21683335048332,0.094977376471012,0.0306776926001368,0.402989008366504,0.0224303683605898,0.0224303683605898,1,0.05,FALSE,FALSE,,31.2198103407123,"estimated_single_instrument","complete_200_test_family","exploratory_single_instrument","cytokine_x_to_m",200
"hunt_M00136","M00136","GABA biosynthesis, prokaryotes, putrescine to GABA","cytokine_IL6","Interleukin-6","GCST90428418","rs12785341","verified","possible_unresolved",-0.110592,0.0191004,0.0168279279779674,0.0110637264812409,-0.152162253851702,0.100040929554045,-0.348242475777629,0.0439179680742257,0.12825983731964,0.12825983731964,1,0.05,FALSE,FALSE,,33.52451468998,"estimated_single_instrument","complete_200_test_family","exploratory_single_instrument","cytokine_x_to_m",200
"hunt_M00530","M00530","Dissimilatory nitrate reduction, nitrate to ammonia","cytokine_IL6","Interleukin-6","GCST90428418","rs148029532","verified","possible_unresolved",-0.215209,0.0394008,-0.0148947437163778,0.0231644536802143,0.0692105986105497,0.107637011836003,-0.141757944588015,0.280179141809115,0.520224099883472,0.520224099883472,1,0.05,FALSE,FALSE,,29.8339514865138,"estimated_single_instrument","complete_200_test_family","exploratory_single_instrument","cytokine_x_to_m",200
"hunt_M00569","M00569","Catechol meta-cleavage, catechol to acetyl-CoA / 4-methylcatechol to propanoyl-CoA","cytokine_IL6","Interleukin-6","GCST90428418","rs142427264","verified","possible_unresolved",0.327066,0.0549331,0.0145408222513621,0.0221658875782958,0.0444583730848272,0.0677719101902851,-0.0883745708881316,0.177291317057786,0.511824124219654,0.511824124219654,1,0.05,FALSE,FALSE,,35.4488853049831,"estimated_single_instrument","complete_200_test_family","exploratory_single_instrument","cytokine_x_to_m",200
"hunt_M00080","M00080","Lipopolysaccharide biosynthesis, inner core to outer core to O-antigen","cytokine_IL7","Interleukin-7","GCST90428419","rs11200716","verified","possible_unresolved",0.0944526,0.017026,0.0135594463106585,0.0086037095879813,0.14355821132143,0.0910902356100446,-0.0349786504742574,0.322095073117117,0.115025803212339,0.115025803212339,1,0.05,FALSE,FALSE,,30.7753199301918,"estimated_single_instrument","complete_200_test_family","exploratory_single_instrument","cytokine_x_to_m",200
"hunt_M00091","M00091","Phosphatidylcholine biosynthesis, PE to PC","cytokine_IL7","Interleukin-7","GCST90428419","rs148648252","verified","possible_unresolved",0.251359,0.0449862,,,,,,,,1,1,0.05,FALSE,FALSE,,31.2198103407123,"not_estimable_instrument_missing_in_mediator_gwas","complete_200_test_family","non_estimable_or_pending","cytokine_x_to_m",200
"hunt_M00136","M00136","GABA biosynthesis, prokaryotes, putrescine to GABA","cytokine_IL7","Interleukin-7","GCST90428419","rs12785341","verified","possible_unresolved",-0.110592,0.0191004,0.00345950049663014,0.0131041685478414,-0.0312816523494479,0.118491107384272,-0.263524222822621,0.200960918123725,0.791779918751174,0.791779918751174,1,0.05,FALSE,FALSE,,33.52451468998,"estimated_single_instrument","complete_200_test_family","exploratory_single_instrument","cytokine_x_to_m",200
"hunt_M00530","M00530","Dissimilatory nitrate reduction, nitrate to ammonia","cytokine_IL7","Interleukin-7","GCST90428419","rs148029532","verified","possible_unresolved",-0.215209,0.0394008,-0.0245612906402741,0.0273511031628888,0.114127618455892,0.127090889149101,-0.134970524276345,0.363225761188129,0.369185549464498,0.369185549464498,1,0.05,FALSE,FALSE,,29.8339514865138,"estimated_single_instrument","complete_200_test_family","exploratory_single_instrument","cytokine_x_to_m",200
"hunt_M00569","M00569","Catechol meta-cleavage, catechol to acetyl-CoA / 4-methylcatechol to propanoyl-CoA","cytokine_IL7","Interleukin-7","GCST90428419","rs142427264","verified","possible_unresolved",0.327066,0.0549331,,,,,,,,1,1,0.05,FALSE,FALSE,,35.4488853049831,"not_estimable_instrument_missing_in_mediator_gwas","complete_200_test_family","non_estimable_or_pending","cytokine_x_to_m",200
"hunt_M00080","M00080","Lipopolysaccharide biosynthesis, inner core to outer core to O-antigen","cytokine_IL8","Interleukin-8","GCST90428420","rs11200716","verified","possible_unresolved",0.0944526,0.017026,0.00359673913888984,0.00740069781664576,0.038079831988636,0.0783535637626255,-0.11549315298611,0.191652816963382,0.626967165941827,0.626967165941827,1,0.05,FALSE,FALSE,,30.7753199301918,"estimated_single_instrument","complete_200_test_family","exploratory_single_instrument","cytokine_x_to_m",200
"hunt_M00091","M00091","Phosphatidylcholine biosynthesis, PE to PC","cytokine_IL8","Interleukin-8","GCST90428420","rs148648252","verified","possible_unresolved",0.251359,0.0449862,0.04060766,0.02317789,0.161552440931099,0.0922103047831985,-0.0191797564439706,0.342284638306168,0.0797738322526124,0.0797738322526124,1,0.05,FALSE,FALSE,,31.2198103407123,"estimated_single_instrument","complete_200_test_family","exploratory_single_instrument","cytokine_x_to_m",200
"hunt_M00136","M00136","GABA biosynthesis, prokaryotes, putrescine to GABA","cytokine_IL8","Interleukin-8","GCST90428420","rs12785341","verified","possible_unresolved",-0.110592,0.0191004,0.009907724,0.01127159,-0.0895880714699074,0.101920482494213,-0.289352217158565,0.11017607421875,0.379401449491098,0.379401449491098,1,0.05,FALSE,FALSE,,33.52451468998,"estimated_single_instrument","complete_200_test_family","exploratory_single_instrument","cytokine_x_to_m",200
"hunt_M00530","M00530","Dissimilatory nitrate reduction, nitrate to ammonia","cytokine_IL8","Interleukin-8","GCST90428420","rs148029532","verified","possible_unresolved",-0.215209,0.0394008,-0.0194245084321982,0.0236020758592931,0.0902588108870828,0.109670487104596,-0.124695343837926,0.305212965612092,0.410507993425748,0.410507993425748,1,0.05,FALSE,FALSE,,29.8339514865138,"estimated_single_instrument","complete_200_test_family","exploratory_single_instrument","cytokine_x_to_m",200
"hunt_M00569","M00569","Catechol meta-cleavage, catechol to acetyl-CoA / 4-methylcatechol to propanoyl-CoA","cytokine_IL8","Interleukin-8","GCST90428420","rs142427264","verified","possible_unresolved",0.327066,0.0549331,-0.03795386,0.02344278,-0.116043428543474,0.0716759920016143,-0.256528372866638,0.0244415157796897,0.105447270640771,0.105447270640771,1,0.05,FALSE,FALSE,,35.4488853049831,"estimated_single_instrument","complete_200_test_family","exploratory_single_instrument","cytokine_x_to_m",200
"hunt_M00080","M00080","Lipopolysaccharide biosynthesis, inner core to outer core to O-antigen","cytokine_IL9","Interleukin-9","GCST90428421","rs11200716","verified","possible_unresolved",0.0944526,0.017026,0.00614263122923108,0.00857909389557413,0.0650340089021486,0.0908296213717159,-0.112992048986415,0.243060066790712,0.473991348914143,0.473991348914143,1,0.05,FALSE,FALSE,,30.7753199301918,"estimated_single_instrument","complete_200_test_family","exploratory_single_instrument","cytokine_x_to_m",200
"hunt_M00091","M00091","Phosphatidylcholine biosynthesis, PE to PC","cytokine_IL9","Interleukin-9","GCST90428421","rs148648252","verified","possible_unresolved",0.251359,0.0449862,,,,,,,,1,1,0.05,FALSE,FALSE,,31.2198103407123,"not_estimable_instrument_missing_in_mediator_gwas","complete_200_test_family","non_estimable_or_pending","cytokine_x_to_m",200
"hunt_M00136","M00136","GABA biosynthesis, prokaryotes, putrescine to GABA","cytokine_IL9","Interleukin-9","GCST90428421","rs12785341","verified","possible_unresolved",-0.110592,0.0191004,0.0104007374375895,0.0130662530622984,-0.0940460199434814,0.118148266260655,-0.325616621814366,0.137524581927403,0.426032035404261,0.426032035404261,1,0.05,FALSE,FALSE,,33.52451468998,"estimated_single_instrument","complete_200_test_family","exploratory_single_instrument","cytokine_x_to_m",200
"hunt_M00530","M00530","Dissimilatory nitrate reduction, nitrate to ammonia","cytokine_IL9","Interleukin-9","GCST90428421","rs148029532","verified","possible_unresolved",-0.215209,0.0394008,-0.0299992188487737,0.0272720171352488,0.139395744828393,0.126723404389448,-0.108982127774926,0.387773617431712,0.271332121892765,0.271332121892765,1,0.05,FALSE,FALSE,,29.8339514865138,"estimated_single_instrument","complete_200_test_family","exploratory_single_instrument","cytokine_x_to_m",200
"hunt_M00569","M00569","Catechol meta-cleavage, catechol to acetyl-CoA / 4-methylcatechol to propanoyl-CoA","cytokine_IL9","Interleukin-9","GCST90428421","rs142427264","verified","possible_unresolved",0.327066,0.0549331,-0.0349266630573266,0.0256625004094979,-0.106787813644116,0.0784627580044942,-0.260574819332925,0.0469991920446921,0.173513689454315,0.173513689454315,1,0.05,FALSE,FALSE,,35.4488853049831,"estimated_single_instrument","complete_200_test_family","exploratory_single_instrument","cytokine_x_to_m",200
"hunt_M00080","M00080","Lipopolysaccharide biosynthesis, inner core to outer core to O-antigen","cytokine_CXCL10","CXCL10 / IP-10","GCST90428422","rs11200716","verified","possible_unresolved",0.0944526,0.017026,-0.00105454655369119,0.00857354921700156,-0.011164822923786,0.0907709180795612,-0.189075822359726,0.166746176512154,0.902107097967127,0.902107097967127,1,0.05,FALSE,FALSE,,30.7753199301918,"estimated_single_instrument","complete_200_test_family","exploratory_single_instrument","cytokine_x_to_m",200
"hunt_M00091","M00091","Phosphatidylcholine biosynthesis, PE to PC","cytokine_CXCL10","CXCL10 / IP-10","GCST90428422","rs148648252","verified","possible_unresolved",0.251359,0.0449862,,,,,,,,1,1,0.05,FALSE,FALSE,,31.2198103407123,"not_estimable_instrument_missing_in_mediator_gwas","complete_200_test_family","non_estimable_or_pending","cytokine_x_to_m",200
"hunt_M00136","M00136","GABA biosynthesis, prokaryotes, putrescine to GABA","cytokine_CXCL10","CXCL10 / IP-10","GCST90428422","rs12785341","verified","possible_unresolved",-0.110592,0.0191004,-0.00344726450433283,0.0130578200921698,0.0311710115047456,0.118072013275552,-0.200250134515335,0.262592157524827,0.791779918751175,0.791779918751175,1,0.05,FALSE,FALSE,,33.52451468998,"estimated_single_instrument","complete_200_test_family","exploratory_single_instrument","cytokine_x_to_m",200
"hunt_M00530","M00530","Dissimilatory nitrate reduction, nitrate to ammonia","cytokine_CXCL10","CXCL10 / IP-10","GCST90428422","rs148029532","verified","possible_unresolved",-0.215209,0.0394008,-0.0350214725059316,0.0272540642069506,0.162732378784956,0.126639983490238,-0.0854819888559102,0.410946746425822,0.19879228403021,0.19879228403021,1,0.05,FALSE,FALSE,,29.8339514865138,"estimated_single_instrument","complete_200_test_family","exploratory_single_instrument","cytokine_x_to_m",200
"hunt_M00569","M00569","Catechol meta-cleavage, catechol to acetyl-CoA / 4-methylcatechol to propanoyl-CoA","cytokine_CXCL10","CXCL10 / IP-10","GCST90428422","rs142427264","verified","possible_unresolved",0.327066,0.0549331,0.0121819835594642,0.0256462811778193,0.0372462547603976,0.0784131679166263,-0.11644355435619,0.190936063876985,0.634786973282517,0.634786973282517,1,0.05,FALSE,FALSE,,35.4488853049831,"estimated_single_instrument","complete_200_test_family","exploratory_single_instrument","cytokine_x_to_m",200
"hunt_M00080","M00080","Lipopolysaccharide biosynthesis, inner core to outer core to O-antigen","cytokine_CSF1","CSF1","GCST90428423","rs11200716","verified","possible_unresolved",0.0944526,0.017026,-0.00564461803128762,0.00747631527322863,-0.0597613832894766,0.0791541500522869,-0.214903517391959,0.0953807508130056,0.450248982219854,0.450248982219854,1,0.05,FALSE,FALSE,,30.7753199301918,"estimated_single_instrument","complete_200_test_family","exploratory_single_instrument","cytokine_x_to_m",200
"hunt_M00091","M00091","Phosphatidylcholine biosynthesis, PE to PC","cytokine_CSF1","CSF1","GCST90428423","rs148648252","verified","possible_unresolved",0.251359,0.0449862,0.0156686891315594,0.0231785342182832,0.0623358985815483,0.0922128677241841,-0.118401322157853,0.243073119320949,0.499040645057073,0.499040645057073,1,0.05,FALSE,FALSE,,31.2198103407123,"estimated_single_instrument","complete_200_test_family","exploratory_single_instrument","cytokine_x_to_m",200
"hunt_M00136","M00136","GABA biosynthesis, prokaryotes, putrescine to GABA","cytokine_CSF1","CSF1","GCST90428423","rs12785341","verified","possible_unresolved",-0.110592,0.0191004,0.00998620991654899,0.0113867843974333,-0.0902977603854618,0.102962098501097,-0.292103473447612,0.111507952676688,0.380486638073327,0.380486638073327,1,0.05,FALSE,FALSE,,33.52451468998,"estimated_single_instrument","complete_200_test_family","exploratory_single_instrument","cytokine_x_to_m",200
"hunt_M00530","M00530","Dissimilatory nitrate reduction, nitrate to ammonia","cytokine_CSF1","CSF1","GCST90428423","rs148029532","verified","possible_unresolved",-0.215209,0.0394008,-0.0271591672505954,0.0238447473666334,0.126199030944781,0.110798095649501,-0.0909652365282403,0.343363298417802,0.254703154197342,0.254703154197342,1,0.05,FALSE,FALSE,,29.8339514865138,"estimated_single_instrument","complete_200_test_family","exploratory_single_instrument","cytokine_x_to_m",200
"hunt_M00569","M00569","Catechol meta-cleavage, catechol to acetyl-CoA / 4-methylcatechol to propanoyl-CoA","cytokine_CSF1","CSF1","GCST90428423","rs142427264","verified","possible_unresolved",0.327066,0.0549331,0.00692089580720308,0.0228412402877989,0.0211605480459696,0.0698367922309225,-0.115719564726639,0.158040660818578,0.761889861597748,0.761889861597748,1,0.05,FALSE,FALSE,,35.4488853049831,"estimated_single_instrument","complete_200_test_family","exploratory_single_instrument","cytokine_x_to_m",200
"hunt_M00080","M00080","Lipopolysaccharide biosynthesis, inner core to outer core to O-antigen","cytokine_CCL2","CCL2 / MCP-1","GCST90428424","rs11200716","verified","possible_unresolved",0.0944526,0.017026,-0.00162642609410274,0.0068051301008483,-0.0172194952187948,0.0720480971497693,-0.158433765632343,0.123994775194753,0.81110558274086,0.81110558274086,1,0.05,FALSE,FALSE,,30.7753199301918,"estimated_single_instrument","complete_200_test_family","exploratory_single_instrument","cytokine_x_to_m",200
"hunt_M00091","M00091","Phosphatidylcholine biosynthesis, PE to PC","cytokine_CCL2","CCL2 / MCP-1","GCST90428424","rs148648252","verified","possible_unresolved",0.251359,0.0449862,0.0139777216965472,0.0212750710754144,0.0556085984450416,0.0846401802816466,-0.110286154906986,0.221503351797069,0.511180916462771,0.511180916462771,1,0.05,FALSE,FALSE,,31.2198103407123,"estimated_single_instrument","complete_200_test_family","exploratory_single_instrument","cytokine_x_to_m",200
"hunt_M00136","M00136","GABA biosynthesis, prokaryotes, putrescine to GABA","cytokine_CCL2","CCL2 / MCP-1","GCST90428424","rs12785341","verified","possible_unresolved",-0.110592,0.0191004,0.01439621355151,0.0103644446015191,-0.130174095337004,0.0937178512145463,-0.313861083717515,0.0535128930435062,0.164832750048171,0.164832750048171,1,0.05,FALSE,FALSE,,33.52451468998,"estimated_single_instrument","complete_200_test_family","exploratory_single_instrument","cytokine_x_to_m",200
"hunt_M00530","M00530","Dissimilatory nitrate reduction, nitrate to ammonia","cytokine_CCL2","CCL2 / MCP-1","GCST90428424","rs148029532","verified","possible_unresolved",-0.215209,0.0394008,0.0299091330322535,0.0221221398167555,-0.138977147945734,0.102793748480572,-0.340452894967656,0.0624985990761877,0.17637531528329,0.17637531528329,1,0.05,FALSE,FALSE,,29.8339514865138,"estimated_single_instrument","complete_200_test_family","exploratory_single_instrument","cytokine_x_to_m",200
"hunt_M00569","M00569","Catechol meta-cleavage, catechol to acetyl-CoA / 4-methylcatechol to propanoyl-CoA","cytokine_CCL2","CCL2 / MCP-1","GCST90428424","rs142427264","verified","possible_unresolved",0.327066,0.0549331,-0.0203967751643961,0.0211365545745037,-0.0623628722166049,0.0646247380482951,-0.189027358791263,0.0643016143580536,0.33454481178279,0.33454481178279,1,0.05,FALSE,FALSE,,35.4488853049831,"estimated_single_instrument","complete_200_test_family","exploratory_single_instrument","cytokine_x_to_m",200
"hunt_M00080","M00080","Lipopolysaccharide biosynthesis, inner core to outer core to O-antigen","cytokine_CCL7","CCL7","GCST90428425","rs11200716","verified","possible_unresolved",0.0944526,0.017026,0.000621378562703085,0.00887683661004407,0.00657873433556181,0.0939819190794544,-0.177625827060169,0.190783295731292,0.944193659638958,0.944193659638958,1,0.05,FALSE,FALSE,,30.7753199301918,"estimated_single_instrument","complete_200_test_family","exploratory_single_instrument","cytokine_x_to_m",200
"hunt_M00091","M00091","Phosphatidylcholine biosynthesis, PE to PC","cytokine_CCL7","CCL7","GCST90428425","rs148648252","verified","possible_unresolved",0.251359,0.0449862,,,,,,,,1,1,0.05,FALSE,FALSE,,31.2198103407123,"not_estimable_instrument_missing_in_mediator_gwas","complete_200_test_family","non_estimable_or_pending","cytokine_x_to_m",200
"hunt_M00136","M00136","GABA biosynthesis, prokaryotes, putrescine to GABA","cytokine_CCL7","CCL7","GCST90428425","rs12785341","verified","possible_unresolved",-0.110592,0.0191004,0.0159935106506015,0.0135194510994095,-0.144617247636371,0.122246194113584,-0.384219788098996,0.0949852928262543,0.236809147415555,0.236809147415555,1,0.05,FALSE,FALSE,,33.52451468998,"estimated_single_instrument","complete_200_test_family","exploratory_single_instrument","cytokine_x_to_m",200
"hunt_M00530","M00530","Dissimilatory nitrate reduction, nitrate to ammonia","cytokine_CCL7","CCL7","GCST90428425","rs148029532","verified","possible_unresolved",-0.215209,0.0394008,,,,,,,,1,1,0.05,FALSE,FALSE,,29.8339514865138,"not_estimable_instrument_missing_in_mediator_gwas","complete_200_test_family","non_estimable_or_pending","cytokine_x_to_m",200
"hunt_M00569","M00569","Catechol meta-cleavage, catechol to acetyl-CoA / 4-methylcatechol to propanoyl-CoA","cytokine_CCL7","CCL7","GCST90428425","rs142427264","verified","possible_unresolved",0.327066,0.0549331,,,,,,,,1,1,0.05,FALSE,FALSE,,35.4488853049831,"not_estimable_instrument_missing_in_mediator_gwas","complete_200_test_family","non_estimable_or_pending","cytokine_x_to_m",200
"hunt_M00080","M00080","Lipopolysaccharide biosynthesis, inner core to outer core to O-antigen","cytokine_MIF","MIF","GCST90428426","rs11200716","verified","possible_unresolved",0.0944526,0.017026,-0.00393630592532752,0.0085945544221125,-0.0416749345738235,0.0909933069297457,-0.220021816156125,0.136671947008478,0.646952441267821,0.646952441267821,1,0.05,FALSE,FALSE,,30.7753199301918,"estimated_single_instrument","complete_200_test_family","exploratory_single_instrument","cytokine_x_to_m",200
"hunt_M00091","M00091","Phosphatidylcholine biosynthesis, PE to PC","cytokine_MIF","MIF","GCST90428426","rs148648252","verified","possible_unresolved",0.251359,0.0449862,,,,,,,,1,1,0.05,FALSE,FALSE,,31.2198103407123,"not_estimable_instrument_missing_in_mediator_gwas","complete_200_test_family","non_estimable_or_pending","cytokine_x_to_m",200
"hunt_M00136","M00136","GABA biosynthesis, prokaryotes, putrescine to GABA","cytokine_MIF","MIF","GCST90428426","rs12785341","verified","possible_unresolved",-0.110592,0.0191004,-0.00304993379191068,0.013089844600475,0.0275782497098405,0.118361586737513,-0.204410460295684,0.259566959715365,0.815761405768262,0.815761405768262,1,0.05,FALSE,FALSE,,33.52451468998,"estimated_single_instrument","complete_200_test_family","exploratory_single_instrument","cytokine_x_to_m",200
"hunt_M00530","M00530","Dissimilatory nitrate reduction, nitrate to ammonia","cytokine_MIF","MIF","GCST90428426","rs148029532","verified","possible_unresolved",-0.215209,0.0394008,-0.00010928592886109,0.0273214822152725,0.000507813004386852,0.126953251096713,-0.248320559145171,0.249336185153944,0.996808470267537,0.996808470267537,1,0.05,FALSE,FALSE,,29.8339514865138,"estimated_single_instrument","complete_200_test_family","exploratory_single_instrument","cytokine_x_to_m",200
"hunt_M00569","M00569","Catechol meta-cleavage, catechol to acetyl-CoA / 4-methylcatechol to propanoyl-CoA","cytokine_MIF","MIF","GCST90428426","rs142427264","verified","possible_unresolved",0.327066,0.0549331,-0.0236265634028489,0.0257089917332414,-0.0722379073423985,0.0786049046163202,-0.226303520390386,0.0818277057055892,0.358095572201218,0.358095572201218,1,0.05,FALSE,FALSE,,35.4488853049831,"estimated_single_instrument","complete_200_test_family","exploratory_single_instrument","cytokine_x_to_m",200
"hunt_M00080","M00080","Lipopolysaccharide biosynthesis, inner core to outer core to O-antigen","cytokine_CXCL9","CXCL9","GCST90428427","rs11200716","verified","possible_unresolved",0.0944526,0.017026,-0.00235772420993355,0.00857354258157656,-0.0249619831527512,0.0907708478281864,-0.202872844895997,0.152948878590494,0.783316238307211,0.783316238307211,1,0.05,FALSE,FALSE,,30.7753199301918,"estimated_single_instrument","complete_200_test_family","exploratory_single_instrument","cytokine_x_to_m",200
"hunt_M00091","M00091","Phosphatidylcholine biosynthesis, PE to PC","cytokine_CXCL9","CXCL9","GCST90428427","rs148648252","verified","possible_unresolved",0.251359,0.0449862,,,,,,,,1,1,0.05,FALSE,FALSE,,31.2198103407123,"not_estimable_instrument_missing_in_mediator_gwas","complete_200_test_family","non_estimable_or_pending","cytokine_x_to_m",200
"hunt_M00136","M00136","GABA biosynthesis, prokaryotes, putrescine to GABA","cytokine_CXCL9","CXCL9","GCST90428427","rs12785341","verified","possible_unresolved",-0.110592,0.0191004,0.00613716357255882,0.0130577948352315,-0.0554937389011757,0.118071784896118,-0.286914437297567,0.175926959495216,0.638355017565111,0.638355017565111,1,0.05,FALSE,FALSE,,33.52451468998,"estimated_single_instrument","complete_200_test_family","exploratory_single_instrument","cytokine_x_to_m",200
"hunt_M00530","M00530","Dissimilatory nitrate reduction, nitrate to ammonia","cytokine_CXCL9","CXCL9","GCST90428427","rs148029532","verified","possible_unresolved",-0.215209,0.0394008,0.000817639188542913,0.0272546396180971,-0.00379927971666107,0.126642657222036,-0.252018887871851,0.244420328438529,0.976067053171775,0.976067053171775,1,0.05,FALSE,FALSE,,29.8339514865138,"estimated_single_instrument","complete_200_test_family","exploratory_single_instrument","cytokine_x_to_m",200
"hunt_M00569","M00569","Catechol meta-cleavage, catechol to acetyl-CoA / 4-methylcatechol to propanoyl-CoA","cytokine_CXCL9","CXCL9","GCST90428427","rs142427264","verified","possible_unresolved",0.327066,0.0549331,,,,,,,,1,1,0.05,FALSE,FALSE,,35.4488853049831,"not_estimable_instrument_missing_in_mediator_gwas","complete_200_test_family","non_estimable_or_pending","cytokine_x_to_m",200
"hunt_M00080","M00080","Lipopolysaccharide biosynthesis, inner core to outer core to O-antigen","cytokine_CCL3","CCL3","GCST90428428","rs11200716","verified","possible_unresolved",0.0944526,0.017026,0.00312679152043942,0.00725473670635597,0.0331043456764496,0.0768082266274933,-0.117439778513437,0.183648469866336,0.666468370485801,0.666468370485801,1,0.05,FALSE,FALSE,,30.7753199301918,"estimated_single_instrument","complete_200_test_family","exploratory_single_instrument","cytokine_x_to_m",200
"hunt_M00091","M00091","Phosphatidylcholine biosynthesis, PE to PC","cytokine_CCL3","CCL3","GCST90428428","rs148648252","verified","possible_unresolved",0.251359,0.0449862,0.0444175322285821,0.0226389053152814,0.176709535877299,0.0900660223635573,0.000180132044727083,0.353238939709872,0.0497624842533973,0.0497624842533973,1,0.05,FALSE,FALSE,,31.2198103407123,"estimated_single_instrument","complete_200_test_family","exploratory_single_instrument","cytokine_x_to_m",200
"hunt_M00136","M00136","GABA biosynthesis, prokaryotes, putrescine to GABA","cytokine_CCL3","CCL3","GCST90428428","rs12785341","verified","possible_unresolved",-0.110592,0.0191004,0.00139221898022366,0.0110493569859021,-0.0125887856284691,0.0999109970513428,-0.208414339849101,0.183236768592163,0.899731924575468,0.899731924575468,1,0.05,FALSE,FALSE,,33.52451468998,"estimated_single_instrument","complete_200_test_family","exploratory_single_instrument","cytokine_x_to_m",200
"hunt_M00530","M00530","Dissimilatory nitrate reduction, nitrate to ammonia","cytokine_CCL3","CCL3","GCST90428428","rs148029532","verified","possible_unresolved",-0.215209,0.0394008,-0.0410612606082827,0.0231331045680466,0.190797134916675,0.107491343615028,-0.0198858985687803,0.40148016840213,0.0758978871873784,0.0758978871873784,1,0.05,FALSE,FALSE,,29.8339514865138,"estimated_single_instrument","complete_200_test_family","exploratory_single_instrument","cytokine_x_to_m",200
"hunt_M00569","M00569","Catechol meta-cleavage, catechol to acetyl-CoA / 4-methylcatechol to propanoyl-CoA","cytokine_CCL3","CCL3","GCST90428428","rs142427264","verified","possible_unresolved",0.327066,0.0549331,0.00608002472765662,0.0221091808278422,0.0185895957624963,0.067598530045441,-0.113903523126568,0.151082714651561,0.78331623830721,0.78331623830721,1,0.05,FALSE,FALSE,,35.4488853049831,"estimated_single_instrument","complete_200_test_family","exploratory_single_instrument","cytokine_x_to_m",200
"hunt_M00080","M00080","Lipopolysaccharide biosynthesis, inner core to outer core to O-antigen","cytokine_CCL4","CCL4","GCST90428429","rs11200716","verified","possible_unresolved",0.0944526,0.017026,0.02951332,0.01291611,0.312466994026633,0.136747003258777,0.0444428676394297,0.580491120413837,0.0223127884911675,0.0223127884911675,1,0.05,FALSE,FALSE,,30.7753199301918,"estimated_single_instrument","complete_200_test_family","exploratory_single_instrument","cytokine_x_to_m",200
"hunt_M00091","M00091","Phosphatidylcholine biosynthesis, PE to PC","cytokine_CCL4","CCL4","GCST90428429","rs148648252","verified","possible_unresolved",0.251359,0.0449862,,,,,,,,1,1,0.05,FALSE,FALSE,,31.2198103407123,"not_estimable_instrument_missing_in_mediator_gwas","complete_200_test_family","non_estimable_or_pending","cytokine_x_to_m",200
"hunt_M00136","M00136","GABA biosynthesis, prokaryotes, putrescine to GABA","cytokine_CCL4","CCL4","GCST90428429","rs12785341","verified","possible_unresolved",-0.110592,0.0191004,0.03518869,0.01788952,-0.318184769241898,0.161761429398148,-0.635237170862269,-0.00113236762152785,0.0491831839680802,0.0491831839680802,1,0.05,FALSE,FALSE,,33.52451468998,"estimated_single_instrument","complete_200_test_family","exploratory_single_instrument","cytokine_x_to_m",200
"hunt_M00530","M00530","Dissimilatory nitrate reduction, nitrate to ammonia","cytokine_CCL4","CCL4","GCST90428429","rs148029532","verified","possible_unresolved",-0.215209,0.0394008,-0.01757413,0.03303408,0.0816607576820672,0.153497669707122,-0.219194674943892,0.382516190308026,0.594726007245161,0.594726007245161,1,0.05,FALSE,FALSE,,29.8339514865138,"estimated_single_instrument","complete_200_test_family","exploratory_single_instrument","cytokine_x_to_m",200
"hunt_M00569","M00569","Catechol meta-cleavage, catechol to acetyl-CoA / 4-methylcatechol to propanoyl-CoA","cytokine_CCL4","CCL4","GCST90428429","rs142427264","verified","possible_unresolved",0.327066,0.0549331,0.03023805,0.03382332,0.0924524407917668,0.103414356735338,-0.110239698409495,0.295144579993029,0.371321860785689,0.371321860785689,1,0.05,FALSE,FALSE,,35.4488853049831,"estimated_single_instrument","complete_200_test_family","exploratory_single_instrument","cytokine_x_to_m",200
"hunt_M00080","M00080","Lipopolysaccharide biosynthesis, inner core to outer core to O-antigen","cytokine_PDGF_BB","PDGF-BB","GCST90428430","rs11200716","verified","possible_unresolved",0.0944526,0.017026,-0.000486380699475499,0.00694829570679285,-0.00514946861680355,0.0735638373829079,-0.149334589887303,0.139035652653696,0.944193659638958,0.944193659638958,1,0.05,FALSE,FALSE,,30.7753199301918,"estimated_single_instrument","complete_200_test_family","exploratory_single_instrument","cytokine_x_to_m",200
"hunt_M00091","M00091","Phosphatidylcholine biosynthesis, PE to PC","cytokine_PDGF_BB","PDGF-BB","GCST90428430","rs148648252","verified","possible_unresolved",0.251359,0.0449862,0.006008796,0.02130779,0.0239052351417693,0.0847703483861728,-0.142244647695129,0.190055117978668,0.777943538370229,0.777943538370229,1,0.05,FALSE,FALSE,,31.2198103407123,"estimated_single_instrument","complete_200_test_family","exploratory_single_instrument","cytokine_x_to_m",200
"hunt_M00136","M00136","GABA biosynthesis, prokaryotes, putrescine to GABA","cytokine_PDGF_BB","PDGF-BB","GCST90428430","rs12785341","verified","possible_unresolved",-0.110592,0.0191004,0.01561969,0.01058245,-0.14123706958912,0.0956891095196759,-0.328787724247685,0.0463135850694444,0.139944049511624,0.139944049511624,1,0.05,FALSE,FALSE,,33.52451468998,"estimated_single_instrument","complete_200_test_family","exploratory_single_instrument","cytokine_x_to_m",200
"hunt_M00530","M00530","Dissimilatory nitrate reduction, nitrate to ammonia","cytokine_PDGF_BB","PDGF-BB","GCST90428430","rs148029532","verified","possible_unresolved",-0.215209,0.0394008,-0.0258719275577698,0.0221506229090494,0.120217684008428,0.102926099322284,-0.0815174706632484,0.321952838680105,0.242806764889784,0.242806764889784,1,0.05,FALSE,FALSE,,29.8339514865138,"estimated_single_instrument","complete_200_test_family","exploratory_single_instrument","cytokine_x_to_m",200
"hunt_M00569","M00569","Catechol meta-cleavage, catechol to acetyl-CoA / 4-methylcatechol to propanoyl-CoA","cytokine_PDGF_BB","PDGF-BB","GCST90428430","rs142427264","verified","possible_unresolved",0.327066,0.0549331,-0.003916084,0.02116802,-0.0119733754043526,0.0647209431735491,-0.138826424024509,0.114879673215804,0.853229024457234,0.853229024457234,1,0.05,FALSE,FALSE,,35.4488853049831,"estimated_single_instrument","complete_200_test_family","exploratory_single_instrument","cytokine_x_to_m",200
"hunt_M00080","M00080","Lipopolysaccharide biosynthesis, inner core to outer core to O-antigen","cytokine_RANTES","RANTES","GCST90428431","rs11200716","verified","possible_unresolved",0.0944526,0.017026,0.000172066396253822,0.00860331981269111,0.00182172217867822,0.0910861089339109,-0.176707051331787,0.180350495689144,0.984043372566196,0.984043372566196,1,0.05,FALSE,FALSE,,30.7753199301918,"estimated_single_instrument","complete_200_test_family","exploratory_single_instrument","cytokine_x_to_m",200
"hunt_M00091","M00091","Phosphatidylcholine biosynthesis, PE to PC","cytokine_RANTES","RANTES","GCST90428431","rs148648252","verified","possible_unresolved",0.251359,0.0449862,,,,,,,,1,1,0.05,FALSE,FALSE,,31.2198103407123,"not_estimable_instrument_missing_in_mediator_gwas","complete_200_test_family","non_estimable_or_pending","cytokine_x_to_m",200
"hunt_M00136","M00136","GABA biosynthesis, prokaryotes, putrescine to GABA","cytokine_RANTES","RANTES","GCST90428431","rs12785341","verified","possible_unresolved",-0.110592,0.0191004,0.00103515014793319,0.0131031664295341,-0.00936008163278709,0.118482045984647,-0.241584891762696,0.222864728497121,0.93703262306475,0.93703262306475,1,0.05,FALSE,FALSE,,33.52451468998,"estimated_single_instrument","complete_200_test_family","exploratory_single_instrument","cytokine_x_to_m",200
"hunt_M00530","M00530","Dissimilatory nitrate reduction, nitrate to ammonia","cytokine_RANTES","RANTES","GCST90428431","rs148029532","verified","possible_unresolved",-0.215209,0.0394008,-0.0370573886619589,0.0273486263187888,0.172192560078616,0.12707938013182,-0.0768830249797506,0.421268145136983,0.175417557028971,0.175417557028971,1,0.05,FALSE,FALSE,,29.8339514865138,"estimated_single_instrument","complete_200_test_family","exploratory_single_instrument","cytokine_x_to_m",200
"hunt_M00569","M00569","Catechol meta-cleavage, catechol to acetyl-CoA / 4-methylcatechol to propanoyl-CoA","cytokine_RANTES","RANTES","GCST90428431","rs142427264","verified","possible_unresolved",0.327066,0.0549331,-0.0462961067855226,0.0257343561898402,-0.141549738540608,0.0786824561092874,-0.295767352514812,0.012667875433595,0.0720186807116901,0.0720186807116901,1,0.05,FALSE,FALSE,,35.4488853049831,"estimated_single_instrument","complete_200_test_family","exploratory_single_instrument","cytokine_x_to_m",200
"hunt_M00080","M00080","Lipopolysaccharide biosynthesis, inner core to outer core to O-antigen","cytokine_SCF","Stem cell factor","GCST90428432","rs11200716","verified","possible_unresolved",0.0944526,0.017026,-0.0051279051516381,0.00694838096427926,-0.0542907781430908,0.0735647400312883,-0.198477668604416,0.0898961123182342,0.460514449130143,0.460514449130143,1,0.05,FALSE,FALSE,,30.7753199301918,"estimated_single_instrument","complete_200_test_family","exploratory_single_instrument","cytokine_x_to_m",200
"hunt_M00091","M00091","Phosphatidylcholine biosynthesis, PE to PC","cytokine_SCF","Stem cell factor","GCST90428432","rs148648252","verified","possible_unresolved",0.251359,0.0449862,0.0014489566806383,0.0213081864799751,0.00576449094975036,0.0847719257316233,-0.160388483484231,0.171917465383732,0.945785634285955,0.945785634285955,1,0.05,FALSE,FALSE,,31.2198103407123,"estimated_single_instrument","complete_200_test_family","exploratory_single_instrument","cytokine_x_to_m",200
"hunt_M00136","M00136","GABA biosynthesis, prokaryotes, putrescine to GABA","cytokine_SCF","Stem cell factor","GCST90428432","rs12785341","verified","possible_unresolved",-0.110592,0.0191004,-0.0054607215625224,0.0105827937258186,0.0493771842675998,0.0956922175728678,-0.138179562175221,0.236933930710421,0.60585440921895,0.60585440921895,1,0.05,FALSE,FALSE,,33.52451468998,"estimated_single_instrument","complete_200_test_family","exploratory_single_instrument","cytokine_x_to_m",200
"hunt_M00530","M00530","Dissimilatory nitrate reduction, nitrate to ammonia","cytokine_SCF","Stem cell factor","GCST90428432","rs148029532","verified","possible_unresolved",-0.215209,0.0394008,0.000531630061030817,0.0221512525429507,-0.00247029660019245,0.102929025008019,-0.204211185615909,0.199270592415524,0.980852608707939,0.980852608707939,1,0.05,FALSE,FALSE,,29.8339514865138,"estimated_single_instrument","complete_200_test_family","exploratory_single_instrument","cytokine_x_to_m",200
"hunt_M00569","M00569","Catechol meta-cleavage, catechol to acetyl-CoA / 4-methylcatechol to propanoyl-CoA","cytokine_SCF","Stem cell factor","GCST90428432","rs142427264","verified","possible_unresolved",0.327066,0.0549331,0.0235815449949835,0.0211683527782617,0.0721002641515275,0.0647219606387142,-0.0547547787003523,0.198955307003407,0.265279186652443,0.265279186652443,1,0.05,FALSE,FALSE,,35.4488853049831,"estimated_single_instrument","complete_200_test_family","exploratory_single_instrument","cytokine_x_to_m",200
"hunt_M00080","M00080","Lipopolysaccharide biosynthesis, inner core to outer core to O-antigen","cytokine_SCGF_B","Stem Cell Growth Factor-beta","GCST90428433","rs11200716","verified","possible_unresolved",0.0944526,0.017026,0.00613028406559694,0.00857382386796775,0.0649032855167242,0.0907738258975163,-0.113013413242408,0.242819984275856,0.474609043279695,0.474609043279695,1,0.05,FALSE,FALSE,,30.7753199301918,"estimated_single_instrument","complete_200_test_family","exploratory_single_instrument","cytokine_x_to_m",200
"hunt_M00091","M00091","Phosphatidylcholine biosynthesis, PE to PC","cytokine_SCGF_B","Stem Cell Growth Factor-beta","GCST90428433","rs148648252","verified","possible_unresolved",0.251359,0.0449862,,,,,,,,1,1,0.05,FALSE,FALSE,,31.2198103407123,"not_estimable_instrument_missing_in_mediator_gwas","complete_200_test_family","non_estimable_or_pending","cytokine_x_to_m",200
"hunt_M00136","M00136","GABA biosynthesis, prokaryotes, putrescine to GABA","cytokine_SCGF_B","Stem Cell Growth Factor-beta","GCST90428433","rs12785341","verified","possible_unresolved",-0.110592,0.0191004,0.00714288074466195,0.0130582828970054,-0.0645876803445272,0.118076198070434,-0.296017028562577,0.166841667873523,0.584378732122629,0.584378732122629,1,0.05,FALSE,FALSE,,33.52451468998,"estimated_single_instrument","complete_200_test_family","exploratory_single_instrument","cytokine_x_to_m",200
"hunt_M00530","M00530","Dissimilatory nitrate reduction, nitrate to ammonia","cytokine_SCGF_B","Stem Cell Growth Factor-beta","GCST90428433","rs148029532","verified","possible_unresolved",-0.215209,0.0394008,0.00351598274816796,0.0272556802183563,-0.0163375265354514,0.126647492522879,-0.264566611880295,0.231891558809392,0.897357648829012,0.897357648829012,1,0.05,FALSE,FALSE,,29.8339514865138,"estimated_single_instrument","complete_200_test_family","exploratory_single_instrument","cytokine_x_to_m",200
"hunt_M00569","M00569","Catechol meta-cleavage, catechol to acetyl-CoA / 4-methylcatechol to propanoyl-CoA","cytokine_SCGF_B","Stem Cell Growth Factor-beta","GCST90428433","rs142427264","verified","possible_unresolved",0.327066,0.0549331,-0.01038715084032,0.0256472860254814,-0.0317585772911889,0.0784162402251576,-0.185454408132498,0.12193725355012,0.685477510945347,0.685477510945347,1,0.05,FALSE,FALSE,,35.4488853049831,"estimated_single_instrument","complete_200_test_family","exploratory_single_instrument","cytokine_x_to_m",200
"hunt_M00080","M00080","Lipopolysaccharide biosynthesis, inner core to outer core to O-antigen","cytokine_CXCL12","CXCL12","GCST90428434","rs11200716","verified","possible_unresolved",0.0944526,0.017026,0.0047548845340025,0.00815589113894083,0.0503414891067318,0.0863490379189226,-0.118902625214356,0.21958560342782,0.559893300223757,0.559893300223757,1,0.05,FALSE,FALSE,,30.7753199301918,"estimated_single_instrument","complete_200_test_family","exploratory_single_instrument","cytokine_x_to_m",200
"hunt_M00091","M00091","Phosphatidylcholine biosynthesis, PE to PC","cytokine_CXCL12","CXCL12","GCST90428434","rs148648252","verified","possible_unresolved",0.251359,0.0449862,0.0382765893711196,0.0246468701681388,0.15227857117159,0.0980544566462263,-0.0399081638550139,0.344465306198193,0.120423134609934,0.120423134609934,1,0.05,FALSE,FALSE,,31.2198103407123,"estimated_single_instrument","complete_200_test_family","exploratory_single_instrument","cytokine_x_to_m",200
"hunt_M00136","M00136","GABA biosynthesis, prokaryotes, putrescine to GABA","cytokine_CXCL12","CXCL12","GCST90428434","rs12785341","verified","possible_unresolved",-0.110592,0.0191004,0.0316111486667164,0.0124208835625605,-0.285835762683706,0.112312676889472,-0.505968609387071,-0.0657029159803406,0.0109277738246337,0.0109277738246337,1,0.05,FALSE,FALSE,,33.52451468998,"estimated_single_instrument","complete_200_test_family","exploratory_single_instrument","cytokine_x_to_m",200
"hunt_M00530","M00530","Dissimilatory nitrate reduction, nitrate to ammonia","cytokine_CXCL12","CXCL12","GCST90428434","rs148029532","verified","possible_unresolved",-0.215209,0.0394008,0.00453722946242843,0.025927025499591,-0.021082898310147,0.120473704629411,-0.257211359383793,0.215045562763499,0.861079633584652,0.861079633584652,1,0.05,FALSE,FALSE,,29.8339514865138,"estimated_single_instrument","complete_200_test_family","exploratory_single_instrument","cytokine_x_to_m",200
"hunt_M00569","M00569","Catechol meta-cleavage, catechol to acetyl-CoA / 4-methylcatechol to propanoyl-CoA","cytokine_CXCL12","CXCL12","GCST90428434","rs142427264","verified","possible_unresolved",0.327066,0.0549331,0.00297640481539216,0.0243967607819029,0.00910031863719298,0.0745927757146964,-0.137101521763612,0.155302159037998,0.902899018270974,0.902899018270974,1,0.05,FALSE,FALSE,,35.4488853049831,"estimated_single_instrument","complete_200_test_family","exploratory_single_instrument","cytokine_x_to_m",200
"hunt_M00080","M00080","Lipopolysaccharide biosynthesis, inner core to outer core to O-antigen","cytokine_TNFA","Tumor necrosis factor alpha","GCST90428435","rs11200716","verified","possible_unresolved",0.0944526,0.017026,-0.00211535253127831,0.00859899402958664,-0.0223959163779325,0.0910403104794007,-0.200834924917558,0.156043092161693,0.80568223250164,0.80568223250164,1,0.05,FALSE,FALSE,,30.7753199301918,"estimated_single_instrument","complete_200_test_family","exploratory_single_instrument","cytokine_x_to_m",200
"hunt_M00091","M00091","Phosphatidylcholine biosynthesis, PE to PC","cytokine_TNFA","Tumor necrosis factor alpha","GCST90428435","rs148648252","verified","possible_unresolved",0.251359,0.0449862,,,,,,,,1,1,0.05,FALSE,FALSE,,31.2198103407123,"not_estimable_instrument_missing_in_mediator_gwas","complete_200_test_family","non_estimable_or_pending","cytokine_x_to_m",200
"hunt_M00136","M00136","GABA biosynthesis, prokaryotes, putrescine to GABA","cytokine_TNFA","Tumor necrosis factor alpha","GCST90428435","rs12785341","verified","possible_unresolved",-0.110592,0.0191004,0.0115903651553889,0.0130964578026994,-0.104802925667217,0.11842138493471,-0.336908840139248,0.127302988804813,0.37615663136133,0.37615663136133,1,0.05,FALSE,FALSE,,33.52451468998,"estimated_single_instrument","complete_200_test_family","exploratory_single_instrument","cytokine_x_to_m",200
"hunt_M00530","M00530","Dissimilatory nitrate reduction, nitrate to ammonia","cytokine_TNFA","Tumor necrosis factor alpha","GCST90428435","rs148029532","verified","possible_unresolved",-0.215209,0.0394008,-0.00338960666025589,0.0273355375827088,0.0157503016149691,0.127018561411041,-0.233206078750672,0.26470668198061,0.901315275063478,0.901315275063478,1,0.05,FALSE,FALSE,,29.8339514865138,"estimated_single_instrument","complete_200_test_family","exploratory_single_instrument","cytokine_x_to_m",200
"hunt_M00569","M00569","Catechol meta-cleavage, catechol to acetyl-CoA / 4-methylcatechol to propanoyl-CoA","cytokine_TNFA","Tumor necrosis factor alpha","GCST90428435","rs142427264","verified","possible_unresolved",0.327066,0.0549331,-0.0216581521872583,0.025722271006245,-0.0662195158997215,0.0786455058191466,-0.220364707305249,0.0879256755058059,0.399787953452113,0.399787953452113,1,0.05,FALSE,FALSE,,35.4488853049831,"estimated_single_instrument","complete_200_test_family","exploratory_single_instrument","cytokine_x_to_m",200
"hunt_M00080","M00080","Lipopolysaccharide biosynthesis, inner core to outer core to O-antigen","cytokine_TNFB","Tumor necrosis factor beta","GCST90428436","rs11200716","verified","possible_unresolved",0.0944526,0.017026,0.003210665254334,0.00882050894047801,0.0339923438246697,0.0933855599578837,-0.149043353692782,0.217028041342122,0.715858009380834,0.715858009380834,1,0.05,FALSE,FALSE,,30.7753199301918,"estimated_single_instrument","complete_200_test_family","exploratory_single_instrument","cytokine_x_to_m",200
"hunt_M00091","M00091","Phosphatidylcholine biosynthesis, PE to PC","cytokine_TNFB","Tumor necrosis factor beta","GCST90428436","rs148648252","verified","possible_unresolved",0.251359,0.0449862,,,,,,,,1,1,0.05,FALSE,FALSE,,31.2198103407123,"not_estimable_instrument_missing_in_mediator_gwas","complete_200_test_family","non_estimable_or_pending","cytokine_x_to_m",200
"hunt_M00136","M00136","GABA biosynthesis, prokaryotes, putrescine to GABA","cytokine_TNFB","Tumor necrosis factor beta","GCST90428436","rs12785341","verified","possible_unresolved",-0.110592,0.0191004,0.0144950055805303,0.0134337401117056,-0.131067397104043,0.121471174331829,-0.369150898794427,0.107016104586341,0.280587727653135,0.280587727653135,1,0.05,FALSE,FALSE,,33.52451468998,"estimated_single_instrument","complete_200_test_family","exploratory_single_instrument","cytokine_x_to_m",200
"hunt_M00530","M00530","Dissimilatory nitrate reduction, nitrate to ammonia","cytokine_TNFB","Tumor necrosis factor beta","GCST90428436","rs148029532","verified","possible_unresolved",-0.215209,0.0394008,,,,,,,,1,1,0.05,FALSE,FALSE,,29.8339514865138,"not_estimable_instrument_missing_in_mediator_gwas","complete_200_test_family","non_estimable_or_pending","cytokine_x_to_m",200
"hunt_M00569","M00569","Catechol meta-cleavage, catechol to acetyl-CoA / 4-methylcatechol to propanoyl-CoA","cytokine_TNFB","Tumor necrosis factor beta","GCST90428436","rs142427264","verified","possible_unresolved",0.327066,0.0549331,,,,,,,,1,1,0.05,FALSE,FALSE,,35.4488853049831,"not_estimable_instrument_missing_in_mediator_gwas","complete_200_test_family","non_estimable_or_pending","cytokine_x_to_m",200
"hunt_M00080","M00080","Lipopolysaccharide biosynthesis, inner core to outer core to O-antigen","cytokine_TRAIL","TRAIL","GCST90428437","rs11200716","verified","possible_unresolved",0.0944526,0.017026,0.00386996349887262,0.00715335212360928,0.040972546005855,0.0757348355006562,-0.107467731575431,0.189412823587141,0.588507582711619,0.588507582711619,1,0.05,FALSE,FALSE,,30.7753199301918,"estimated_single_instrument","complete_200_test_family","exploratory_single_instrument","cytokine_x_to_m",200
"hunt_M00091","M00091","Phosphatidylcholine biosynthesis, PE to PC","cytokine_TRAIL","TRAIL","GCST90428437","rs148648252","verified","possible_unresolved",0.251359,0.0449862,0.0177388563688089,0.0219812346577557,0.070571797185734,0.0874495628076007,-0.100829345917163,0.241972940288631,0.419666483151306,0.419666483151306,1,0.05,FALSE,FALSE,,31.2198103407123,"estimated_single_instrument","complete_200_test_family","exploratory_single_instrument","cytokine_x_to_m",200
"hunt_M00136","M00136","GABA biosynthesis, prokaryotes, putrescine to GABA","cytokine_TRAIL","TRAIL","GCST90428437","rs12785341","verified","possible_unresolved",-0.110592,0.0191004,0.0034428082506174,0.0108949628184095,-0.0311307169652181,0.0985149271051206,-0.224219974091255,0.161958540160818,0.752002508133414,0.752002508133414,1,0.05,FALSE,FALSE,,33.52451468998,"estimated_single_instrument","complete_200_test_family","exploratory_single_instrument","cytokine_x_to_m",200
"hunt_M00530","M00530","Dissimilatory nitrate reduction, nitrate to ammonia","cytokine_TRAIL","TRAIL","GCST90428437","rs148029532","verified","possible_unresolved",-0.215209,0.0394008,0.00120885357053145,0.0228085579345557,-0.00561711438894958,0.105983290357539,-0.213344363489727,0.202110134711828,0.95773190771507,0.95773190771507,1,0.05,FALSE,FALSE,,29.8339514865138,"estimated_single_instrument","complete_200_test_family","exploratory_single_instrument","cytokine_x_to_m",200
"hunt_M00569","M00569","Catechol meta-cleavage, catechol to acetyl-CoA / 4-methylcatechol to propanoyl-CoA","cytokine_TRAIL","TRAIL","GCST90428437","rs142427264","verified","possible_unresolved",0.327066,0.0549331,-0.00948912056340942,0.0218140702607113,-0.0290128615123841,0.0666962333618025,-0.159737478901517,0.101711755876749,0.663562427438038,0.663562427438038,1,0.05,FALSE,FALSE,,35.4488853049831,"estimated_single_instrument","complete_200_test_family","exploratory_single_instrument","cytokine_x_to_m",200
"hunt_M00080","M00080","Lipopolysaccharide biosynthesis, inner core to outer core to O-antigen","cytokine_VEGF","Vascular endothelial growth factor","GCST90428438","rs11200716","verified","possible_unresolved",0.0944526,0.017026,0.003371995,0.007159225,0.0357003936365966,0.0757970135284788,-0.112861752879222,0.184262540152415,0.637640732409609,0.637640732409609,1,0.05,FALSE,FALSE,,30.7753199301918,"estimated_single_instrument","complete_200_test_family","exploratory_single_instrument","cytokine_x_to_m",200
"hunt_M00091","M00091","Phosphatidylcholine biosynthesis, PE to PC","cytokine_VEGF","Vascular endothelial growth factor","GCST90428438","rs148648252","verified","possible_unresolved",0.251359,0.0449862,0.03027044,0.02317798,0.120427118185543,0.0922106628368191,-0.060305780974622,0.301160017345709,0.191552585155165,0.191552585155165,1,0.05,FALSE,FALSE,,31.2198103407123,"estimated_single_instrument","complete_200_test_family","exploratory_single_instrument","cytokine_x_to_m",200
"hunt_M00136","M00136","GABA biosynthesis, prokaryotes, putrescine to GABA","cytokine_VEGF","Vascular endothelial growth factor","GCST90428438","rs12785341","verified","possible_unresolved",-0.110592,0.0191004,0.005212058,0.01090389,-0.0471287073206019,0.0985956488715278,-0.240376179108796,0.146118764467593,0.63265029772852,0.63265029772852,1,0.05,FALSE,FALSE,,33.52451468998,"estimated_single_instrument","complete_200_test_family","exploratory_single_instrument","cytokine_x_to_m",200
"hunt_M00530","M00530","Dissimilatory nitrate reduction, nitrate to ammonia","cytokine_VEGF","Vascular endothelial growth factor","GCST90428438","rs148029532","verified","possible_unresolved",-0.215209,0.0394008,-0.00620904401439942,0.0228273676999979,0.0288512284077312,0.106070692675482,-0.179047329236214,0.236749786051677,0.785622019344983,0.785622019344983,1,0.05,FALSE,FALSE,,29.8339514865138,"estimated_single_instrument","complete_200_test_family","exploratory_single_instrument","cytokine_x_to_m",200
"hunt_M00569","M00569","Catechol meta-cleavage, catechol to acetyl-CoA / 4-methylcatechol to propanoyl-CoA","cytokine_VEGF","Vascular endothelial growth factor","GCST90428438","rs142427264","verified","possible_unresolved",0.327066,0.0549331,-0.01052247,0.02183084,-0.032172313844912,0.0667475066194591,-0.162997426819052,0.0986527991292277,0.62980577966374,0.62980577966374,1,0.05,FALSE,FALSE,,35.4488853049831,"estimated_single_instrument","complete_200_test_family","exploratory_single_instrument","cytokine_x_to_m",200
