"pair_id","dataset","source_id","trait","tier","outcome_id","outcome_ancestry","analysis_role","effect_scale","method","method_role","nsnp","beta","se","ci_lower","ci_upper","p","exponentiable","or","or_ci_lower","or_ci_upper","mean_F","min_F","analysis_status","error_message","warning_message","p_for_fdr","q","fdr_significant","family_denominator"
"source_study_wide|GCST90671669","microbiome_2026","GCST90671669","Gut microbiome family abundance (Butyricicoccaceae)","source_study_wide_sensitivity","finngen_r12_erectile_dysfunction","Finnish","source_study_wide_sensitivity","log_odds","mr_wald_ratio","primary_estimator",1,-0.396488802336904,0.277629016553067,-0.94063167584419,0.147654071170382,0.153256024848082,TRUE,0.672677809078541,0.39038116310751,1.15911185679338,83.336612345679,83.336612345679,"estimated","","",0.153256024848082,1,FALSE,27
"source_study_wide|GCST90670426","microbiome_2026","GCST90670426","Gut microbiome species abundance (Agathobaculum butyriciproducens, GCA_003096535.1)","source_study_wide_sensitivity","finngen_r12_erectile_dysfunction","Finnish","source_study_wide_sensitivity","log_odds","mr_wald_ratio","primary_estimator",1,-0.526210314802411,0.381653717347622,-1.27423785536958,0.221817225764758,0.167967603293638,TRUE,0.590839829251594,0.279644016209788,1.24834319203943,44.8239256771703,44.8239256771703,"estimated","","",0.167967603293638,1,FALSE,27
"source_study_wide|GCST90670368","microbiome_2026","GCST90670368","Gut microbiome alpha diversity abundance (Richness)","source_study_wide_sensitivity","finngen_r12_erectile_dysfunction","Finnish","source_study_wide_sensitivity","log_odds","mr_wald_ratio","primary_estimator",1,0.381746105919003,0.415830218068536,-0.433266145178764,1.19675835701677,0.358601283148712,TRUE,1.46484012367854,0.648387903524734,3.30937171448436,36,36,"estimated","","",0.358601283148712,1,FALSE,27
"source_study_wide|GCST90670910","microbiome_2026","GCST90670910","Gut microbiome species abundance (Turicibacter sanguinis, GCF_013046825.1)","source_study_wide_sensitivity","finngen_r12_erectile_dysfunction","Finnish","source_study_wide_sensitivity","log_odds","mr_wald_ratio","primary_estimator",1,0.32773544973545,0.382847883597884,-0.422632613673785,1.07810351314468,0.391972263118132,TRUE,1.38782177510275,0.655319344258492,2.93910029716688,49.9201677002358,49.9201677002358,"estimated","","",0.391972263118132,1,FALSE,27
"source_study_wide|GCST90670494","microbiome_2026","GCST90670494","Gut microbiome species presence (Clostridium sp900540255, GCA_900540255.1)","source_study_wide_sensitivity","finngen_r12_erectile_dysfunction","Finnish","source_study_wide_sensitivity","log_odds","mr_ivw_mre","primary_estimator",2,-0.0687112492543212,0.112858544972281,-0.289909932747587,0.152487434238944,0.542639585607798,TRUE,0.933596217765768,0.748330964657267,1.1647278263111,64.4530799639439,52.3086559278877,"estimated","","",0.542639585607798,1,FALSE,27
"source_study_wide|GCST90670550","microbiome_2026","GCST90670550","Gut microbiome species presence (Negativibacillus sp000435195, GCA_000435195.1)","source_study_wide_sensitivity","finngen_r12_erectile_dysfunction","Finnish","source_study_wide_sensitivity","log_odds","mr_wald_ratio","primary_estimator",1,-0.0614690382081686,0.121493192797541,-0.299591320458129,0.176653244041792,0.612894308543243,TRUE,0.940382061202314,0.741121039806532,1.19321726618632,53.261926775148,53.261926775148,"estimated","","",0.612894308543243,1,FALSE,27
"source_study_wide|GCST90671012","microbiome_2026","GCST90671012","Gut microbiome species abundance (Phocea massiliensis, GCF_900104615.1)","source_study_wide_sensitivity","finngen_r12_erectile_dysfunction","Finnish","source_study_wide_sensitivity","log_odds","mr_wald_ratio","primary_estimator",1,-0.175614805520703,0.347101631116688,-0.855921501484518,0.504691890443112,0.612894308543243,TRUE,0.838941076577366,0.424891472502697,1.65647506602836,45.6197213444413,45.6197213444413,"estimated","","",0.612894308543243,1,FALSE,27
"source_study_wide|GCST90671563","microbiome_2026","GCST90671563","Gut microbiome genus abundance (Phocea)","source_study_wide_sensitivity","finngen_r12_erectile_dysfunction","Finnish","source_study_wide_sensitivity","log_odds","mr_wald_ratio","primary_estimator",1,-0.175614805520703,0.347101631116688,-0.855921501484518,0.504691890443112,0.612894308543243,TRUE,0.838941076577366,0.424891472502697,1.65647506602836,45.6197213444413,45.6197213444413,"estimated","","",0.612894308543243,1,FALSE,27
"source_study_wide|GCST90670374","microbiome_2026","GCST90670374","Gut microbiome species abundance (Bifidobacterium adolescentis, GCF_000010425.1)","source_study_wide_sensitivity","finngen_r12_erectile_dysfunction","Finnish","source_study_wide_sensitivity","log_odds","mr_wald_ratio","primary_estimator",1,0.137706293706294,0.27631968031968,-0.403870327939901,0.679282915352488,0.618231299473913,TRUE,1.14763843213932,0.667730701670955,1.97246280218554,68.4380165289256,68.4380165289256,"estimated","","",0.618231299473913,1,FALSE,27
"source_study_wide|GCST90671293","microbiome_2026","GCST90671293","Gut microbiome genus abundance (Bifidobacterium)","source_study_wide_sensitivity","finngen_r12_erectile_dysfunction","Finnish","source_study_wide_sensitivity","log_odds","mr_wald_ratio","primary_estimator",1,0.107606557377049,0.21592193598751,-0.315592660630633,0.530805775384731,0.618231299473913,TRUE,1.1136095177338,0.729356485277226,1.70030181813759,105.021504,105.021504,"estimated","","",0.618231299473913,1,FALSE,27
"source_study_wide|GCST90671653","microbiome_2026","GCST90671653","Gut microbiome family abundance (Bifidobacteriaceae)","source_study_wide_sensitivity","finngen_r12_erectile_dysfunction","Finnish","source_study_wide_sensitivity","log_odds","mr_wald_ratio","primary_estimator",1,0.108028213166144,0.21676802507837,-0.316829308987336,0.532885735319624,0.618231299473913,TRUE,1.11407917664399,0.728455085250564,1.70384205829907,104.203264,104.203264,"estimated","","",0.618231299473913,1,FALSE,27
"source_study_wide|GCST90671789","microbiome_2026","GCST90671789","Gut microbiome class abundance (Actinomycetia)","source_study_wide_sensitivity","finngen_r12_erectile_dysfunction","Finnish","source_study_wide_sensitivity","log_odds","mr_wald_ratio","primary_estimator",1,0.106197226502311,0.213093990755008,-0.311459320699415,0.523853773704038,0.618231299473913,TRUE,1.11204117887184,0.732377402499905,1.68852231006243,107.827456,107.827456,"estimated","","",0.618231299473913,1,FALSE,27
"source_study_wide|GCST90671808","microbiome_2026","GCST90671808","Gut microbiome phylum abundance (Actinomycetota)","source_study_wide_sensitivity","finngen_r12_erectile_dysfunction","Finnish","source_study_wide_sensitivity","log_odds","mr_wald_ratio","primary_estimator",1,0.123295169946333,0.247402504472272,-0.36160482850433,0.608195168396995,0.618231299473913,TRUE,1.1312182733105,0.696557573159547,1.83711272575379,83.9776941682344,83.9776941682344,"estimated","","",0.618231299473913,1,FALSE,27
"source_study_wide|GCST90671741","microbiome_2026","GCST90671741","Gut microbiome order abundance (Actinomycetales)","source_study_wide_sensitivity","finngen_r12_erectile_dysfunction","Finnish","source_study_wide_sensitivity","log_odds","mr_wald_ratio","primary_estimator",1,0.1059523443505,0.212602613374327,-0.310741120882276,0.522645809583275,0.618231299473914,TRUE,1.11176889317536,0.732903584745836,1.68648386712561,108.326464,108.326464,"estimated","","",0.618231299473914,1,FALSE,27
"source_study_wide|GCST90670591","microbiome_2026","GCST90670591","Gut microbiome species abundance (Copromonas sp000435795, GCA_014385265.1)","source_study_wide_sensitivity","finngen_r12_erectile_dysfunction","Finnish","source_study_wide_sensitivity","log_odds","mr_wald_ratio","primary_estimator",1,-0.170622395833333,0.359841145833333,-0.875898081822292,0.534653290155625,0.63538558099319,TRUE,0.843139886503901,0.416487811536148,1.70685635575223,43.833531510107,43.833531510107,"estimated","","",0.63538558099319,1,FALSE,27
"source_study_wide|GCST90670684","microbiome_2026","GCST90670684","Gut microbiome species presence (Clostridium saudiense, GCF_000577815.1)","source_study_wide_sensitivity","finngen_r12_erectile_dysfunction","Finnish","source_study_wide_sensitivity","log_odds","mr_wald_ratio","primary_estimator",1,-0.0332777368905244,0.142793008279669,-0.313146890362805,0.246591416581756,0.815723524631373,TRUE,0.967269875751463,0.731142506892546,1.27965615966267,51.4794410134083,51.4794410134083,"estimated","","",0.815723524631373,1,FALSE,27
"source_study_wide|GCST90670473","microbiome_2026","GCST90670473","Gut microbiome species abundance (Blautia A obeum, GCA_025147765.1)","source_study_wide_sensitivity","finngen_r12_erectile_dysfunction","Finnish","source_study_wide_sensitivity","log_odds","mr_wald_ratio","primary_estimator",1,0.0845612273361227,0.384207810320781,-0.668472243471604,0.83759469814385,0.825799176869524,TRUE,1.0882394721962,0.512490941385267,2.31080211026714,45.7537379850481,45.7537379850481,"estimated","","",0.825799176869524,1,FALSE,27
"source_study_wide|GCST90670756","microbiome_2026","GCST90670756","Gut microbiome species abundance (Intestinibacter sp900540355, GCF_015667935.1)","source_study_wide_sensitivity","finngen_r12_erectile_dysfunction","Finnish","source_study_wide_sensitivity","log_odds","mr_wald_ratio","primary_estimator",1,-0.0657831306990881,0.453670212765957,-0.954960408578988,0.823394147180812,0.884709218731233,TRUE,0.936333904353502,0.384827380114201,2.27821934131012,43.2964,43.2964,"estimated","","",0.884709218731233,1,FALSE,27
"source_study_wide|GCST90671524","microbiome_2026","GCST90671524","Gut microbiome genus abundance (Turicibacter)","source_study_wide_sensitivity","finngen_r12_erectile_dysfunction","Finnish","source_study_wide_sensitivity","log_odds","mr_wald_ratio","primary_estimator",1,-0.0528425811437403,0.398648377125193,-0.83417904280446,0.728493880516979,0.894545827955127,TRUE,0.948529317130538,0.434230820059851,2.0719576407131,48.3996993872124,48.3996993872124,"estimated","","",0.894545827955127,1,FALSE,27
"source_study_wide|GCST90671723","microbiome_2026","GCST90671723","Gut microbiome family abundance (Turicibacteraceae)","source_study_wide_sensitivity","finngen_r12_erectile_dysfunction","Finnish","source_study_wide_sensitivity","log_odds","mr_wald_ratio","primary_estimator",1,-0.0528425811437403,0.398648377125193,-0.83417904280446,0.728493880516979,0.894545827955127,TRUE,0.948529317130538,0.434230820059851,2.0719576407131,48.3996993872124,48.3996993872124,"estimated","","",0.894545827955127,1,FALSE,27
"source_study_wide|GCST90671781","microbiome_2026","GCST90671781","Gut microbiome order abundance (Haloplasmatales)","source_study_wide_sensitivity","finngen_r12_erectile_dysfunction","Finnish","source_study_wide_sensitivity","log_odds","mr_wald_ratio","primary_estimator",1,-0.0528425811437403,0.398648377125193,-0.83417904280446,0.728493880516979,0.894545827955127,TRUE,0.948529317130538,0.434230820059851,2.0719576407131,48.3996993872124,48.3996993872124,"estimated","","",0.894545827955127,1,FALSE,27
"source_study_wide|GCST90670769","microbiome_2026","GCST90670769","Gut microbiome species presence (Coprobacillus cateniformis, GCF_009767585.1)","source_study_wide_sensitivity","finngen_r12_erectile_dysfunction","Finnish","source_study_wide_sensitivity","log_odds","mr_wald_ratio","primary_estimator",1,0.00607299355594611,0.102488869361453,-0.194801499208732,0.206947486320624,0.952748881646244,TRUE,1.00609147156799,0.822998007598696,1.22991798256626,71.0586556927298,71.0586556927298,"estimated","","",0.952748881646244,1,FALSE,27
"source_study_wide|GCST90671463","microbiome_2026","GCST90671463","Gut microbiome genus presence (Coprobacillus)","source_study_wide_sensitivity","finngen_r12_erectile_dysfunction","Finnish","source_study_wide_sensitivity","log_odds","mr_wald_ratio","primary_estimator",1,0.00654044164037855,0.110377602523659,-0.209795684005871,0.222876567286628,0.952748881646244,TRUE,1.00656187703564,0.81074987821631,1.24966631451185,71.4588444444444,71.4588444444444,"estimated","","",0.952748881646244,1,FALSE,27
"source_study_wide|GCST90670524","microbiome_2026","GCST90670524","Gut microbiome species abundance (Mediterraneibacter torques, GCF_000153925.1)","source_study_wide_sensitivity","finngen_r12_erectile_dysfunction","Finnish","source_study_wide_sensitivity","log_odds","not_estimable","robust_estimator",0,,,,,,TRUE,,,,,,"not_estimable","No harmonised instruments remained","",1,1,FALSE,27
"source_study_wide|GCST90670630","microbiome_2026","GCST90670630","Gut microbiome species presence (Clostridium sp001916075, GCF_014287815.1)","source_study_wide_sensitivity","finngen_r12_erectile_dysfunction","Finnish","source_study_wide_sensitivity","log_odds","not_estimable","robust_estimator",0,,,,,,TRUE,,,,,,"not_estimable","No harmonised instruments remained","",1,1,FALSE,27
"source_study_wide|GCST90671130","microbiome_2026","GCST90671130","Gut microbiome species abundance (Faecalibacterium longum, GCF_020687245.1)","source_study_wide_sensitivity","finngen_r12_erectile_dysfunction","Finnish","source_study_wide_sensitivity","log_odds","not_estimable","robust_estimator",0,,,,,,TRUE,,,,,,"not_estimable","No harmonised instruments remained","",1,1,FALSE,27
"source_study_wide|GCST90671601","microbiome_2026","GCST90671601","Gut microbiome genus abundance (UMGS1623)","source_study_wide_sensitivity","finngen_r12_erectile_dysfunction","Finnish","source_study_wide_sensitivity","log_odds","not_estimable","robust_estimator",0,,,,,,TRUE,,,,,,"not_estimable","No harmonised instruments remained","",1,1,FALSE,27
