"source_dataset","source_id","registry_name","remote_trait","sample_size","genome_build","remote_data_url","remote_metadata_url","http_status"
"cytokines_2025_meta","GCST90428399","CTACK","CTACK levels",39190,"GRCh38","https://ftp.ebi.ac.uk/pub/databases/gwas/summary_statistics/GCST90428001-GCST90429000/GCST90428399/harmonised/GCST90428399.h.tsv.gz","https://ftp.ebi.ac.uk/pub/databases/gwas/summary_statistics/GCST90428001-GCST90429000/GCST90428399/harmonised/GCST90428399.h.tsv.gz-meta.yaml",200
"cytokines_2025_meta","GCST90428400","beta-nerve growth factor","Beta-nerve growth factor levels",70021,"GRCh38","https://ftp.ebi.ac.uk/pub/databases/gwas/summary_statistics/GCST90428001-GCST90429000/GCST90428400/harmonised/GCST90428400.h.tsv.gz","https://ftp.ebi.ac.uk/pub/databases/gwas/summary_statistics/GCST90428001-GCST90429000/GCST90428400/harmonised/GCST90428400.h.tsv.gz-meta.yaml",200
"cytokines_2025_meta","GCST90428401","CCL11","CCL11 levels",43712,"GRCh38","https://ftp.ebi.ac.uk/pub/databases/gwas/summary_statistics/GCST90428001-GCST90429000/GCST90428401/harmonised/GCST90428401.h.tsv.gz","https://ftp.ebi.ac.uk/pub/databases/gwas/summary_statistics/GCST90428001-GCST90429000/GCST90428401/harmonised/GCST90428401.h.tsv.gz-meta.yaml",200
"cytokines_2025_meta","GCST90428402","Fibroblast growth factor 2","Fibroblast growth factor 2 levels",43124,"GRCh38","https://ftp.ebi.ac.uk/pub/databases/gwas/summary_statistics/GCST90428001-GCST90429000/GCST90428402/harmonised/GCST90428402.h.tsv.gz","https://ftp.ebi.ac.uk/pub/databases/gwas/summary_statistics/GCST90428001-GCST90429000/GCST90428402/harmonised/GCST90428402.h.tsv.gz-meta.yaml",200
"cytokines_2025_meta","GCST90428403","CSF3","CSF3 protein levels",43463,"GRCh38","https://ftp.ebi.ac.uk/pub/databases/gwas/summary_statistics/GCST90428001-GCST90429000/GCST90428403/harmonised/GCST90428403.h.tsv.gz","https://ftp.ebi.ac.uk/pub/databases/gwas/summary_statistics/GCST90428001-GCST90429000/GCST90428403/harmonised/GCST90428403.h.tsv.gz-meta.yaml",200
"cytokines_2025_meta","GCST90428404","CXCL1","CXCL1 levels",69995,"GRCh38","https://ftp.ebi.ac.uk/pub/databases/gwas/summary_statistics/GCST90428001-GCST90429000/GCST90428404/harmonised/GCST90428404.h.tsv.gz","https://ftp.ebi.ac.uk/pub/databases/gwas/summary_statistics/GCST90428001-GCST90429000/GCST90428404/harmonised/GCST90428404.h.tsv.gz-meta.yaml",200
"cytokines_2025_meta","GCST90428405","Hepatocyte growth factor","Hepatocyte growth factor levels",74782,"GRCh38","https://ftp.ebi.ac.uk/pub/databases/gwas/summary_statistics/GCST90428001-GCST90429000/GCST90428405/harmonised/GCST90428405.h.tsv.gz","https://ftp.ebi.ac.uk/pub/databases/gwas/summary_statistics/GCST90428001-GCST90429000/GCST90428405/harmonised/GCST90428405.h.tsv.gz-meta.yaml",200
"cytokines_2025_meta","GCST90428406","Interferon gamma","Interferon gamma levels",43260,"GRCh38","https://ftp.ebi.ac.uk/pub/databases/gwas/summary_statistics/GCST90428001-GCST90429000/GCST90428406/harmonised/GCST90428406.h.tsv.gz","https://ftp.ebi.ac.uk/pub/databases/gwas/summary_statistics/GCST90428001-GCST90429000/GCST90428406/harmonised/GCST90428406.h.tsv.gz-meta.yaml",200
"cytokines_2025_meta","GCST90428407","Interleukin-10","Interleukin-10 levels",43240,"GRCh38","https://ftp.ebi.ac.uk/pub/databases/gwas/summary_statistics/GCST90428001-GCST90429000/GCST90428407/harmonised/GCST90428407.h.tsv.gz","https://ftp.ebi.ac.uk/pub/databases/gwas/summary_statistics/GCST90428001-GCST90429000/GCST90428407/harmonised/GCST90428407.h.tsv.gz-meta.yaml",200
"cytokines_2025_meta","GCST90428408","Interleukin-13","Interleukin-13 levels",39116,"GRCh38","https://ftp.ebi.ac.uk/pub/databases/gwas/summary_statistics/GCST90428001-GCST90429000/GCST90428408/harmonised/GCST90428408.h.tsv.gz","https://ftp.ebi.ac.uk/pub/databases/gwas/summary_statistics/GCST90428001-GCST90429000/GCST90428408/harmonised/GCST90428408.h.tsv.gz-meta.yaml",200
"cytokines_2025_meta","GCST90428409","Interleukin-16","Interleukin-16 levels",69973,"GRCh38","https://ftp.ebi.ac.uk/pub/databases/gwas/summary_statistics/GCST90428001-GCST90429000/GCST90428409/harmonised/GCST90428409.h.tsv.gz","https://ftp.ebi.ac.uk/pub/databases/gwas/summary_statistics/GCST90428001-GCST90429000/GCST90428409/harmonised/GCST90428409.h.tsv.gz-meta.yaml",200
"cytokines_2025_meta","GCST90428410","Interleukin-17","Interleukin-17 levels",43319,"GRCh38","https://ftp.ebi.ac.uk/pub/databases/gwas/summary_statistics/GCST90428001-GCST90429000/GCST90428410/harmonised/GCST90428410.h.tsv.gz","https://ftp.ebi.ac.uk/pub/databases/gwas/summary_statistics/GCST90428001-GCST90429000/GCST90428410/harmonised/GCST90428410.h.tsv.gz-meta.yaml",200
"cytokines_2025_meta","GCST90428411","Interleukin-18","Interleukin-18 levels",70126,"GRCh38","https://ftp.ebi.ac.uk/pub/databases/gwas/summary_statistics/GCST90428001-GCST90429000/GCST90428411/harmonised/GCST90428411.h.tsv.gz","https://ftp.ebi.ac.uk/pub/databases/gwas/summary_statistics/GCST90428001-GCST90429000/GCST90428411/harmonised/GCST90428411.h.tsv.gz-meta.yaml",200
"cytokines_2025_meta","GCST90428412","Interleukin-1 beta","Interleukin-1 beta levels",38868,"GRCh38","https://ftp.ebi.ac.uk/pub/databases/gwas/summary_statistics/GCST90428001-GCST90429000/GCST90428412/harmonised/GCST90428412.h.tsv.gz","https://ftp.ebi.ac.uk/pub/databases/gwas/summary_statistics/GCST90428001-GCST90429000/GCST90428412/harmonised/GCST90428412.h.tsv.gz-meta.yaml",200
"cytokines_2025_meta","GCST90428413","Interleukin-1 receptor antagonist","Interleukin-1 receptor antagonist protein levels",70128,"GRCh38","https://ftp.ebi.ac.uk/pub/databases/gwas/summary_statistics/GCST90428001-GCST90429000/GCST90428413/harmonised/GCST90428413.h.tsv.gz","https://ftp.ebi.ac.uk/pub/databases/gwas/summary_statistics/GCST90428001-GCST90429000/GCST90428413/harmonised/GCST90428413.h.tsv.gz-meta.yaml",200
"cytokines_2025_meta","GCST90428414","Interleukin-2","Interleukin-2 levels",39034,"GRCh38","https://ftp.ebi.ac.uk/pub/databases/gwas/summary_statistics/GCST90428001-GCST90429000/GCST90428414/harmonised/GCST90428414.h.tsv.gz","https://ftp.ebi.ac.uk/pub/databases/gwas/summary_statistics/GCST90428001-GCST90429000/GCST90428414/harmonised/GCST90428414.h.tsv.gz-meta.yaml",200
"cytokines_2025_meta","GCST90428415","Interleukin-2 receptor antagonist","Interleukin-2 receptor antagonist levels",39236,"GRCh38","https://ftp.ebi.ac.uk/pub/databases/gwas/summary_statistics/GCST90428001-GCST90429000/GCST90428415/harmonised/GCST90428415.h.tsv.gz","https://ftp.ebi.ac.uk/pub/databases/gwas/summary_statistics/GCST90428001-GCST90429000/GCST90428415/harmonised/GCST90428415.h.tsv.gz-meta.yaml",200
"cytokines_2025_meta","GCST90428416","Interleukin-4","Interleukin-4 levels",43683,"GRCh38","https://ftp.ebi.ac.uk/pub/databases/gwas/summary_statistics/GCST90428001-GCST90429000/GCST90428416/harmonised/GCST90428416.h.tsv.gz","https://ftp.ebi.ac.uk/pub/databases/gwas/summary_statistics/GCST90428001-GCST90429000/GCST90428416/harmonised/GCST90428416.h.tsv.gz-meta.yaml",200
"cytokines_2025_meta","GCST90428417","Interleukin-5","Interleukin-5 levels",38923,"GRCh38","https://ftp.ebi.ac.uk/pub/databases/gwas/summary_statistics/GCST90428001-GCST90429000/GCST90428417/harmonised/GCST90428417.h.tsv.gz","https://ftp.ebi.ac.uk/pub/databases/gwas/summary_statistics/GCST90428001-GCST90429000/GCST90428417/harmonised/GCST90428417.h.tsv.gz-meta.yaml",200
"cytokines_2025_meta","GCST90428418","Interleukin-6","Interleukin-6 levels",74679,"GRCh38","https://ftp.ebi.ac.uk/pub/databases/gwas/summary_statistics/GCST90428001-GCST90429000/GCST90428418/harmonised/GCST90428418.h.tsv.gz","https://ftp.ebi.ac.uk/pub/databases/gwas/summary_statistics/GCST90428001-GCST90429000/GCST90428418/harmonised/GCST90428418.h.tsv.gz-meta.yaml",200
"cytokines_2025_meta","GCST90428419","Interleukin-7","Interleukin-7 levels",38968,"GRCh38","https://ftp.ebi.ac.uk/pub/databases/gwas/summary_statistics/GCST90428001-GCST90429000/GCST90428419/harmonised/GCST90428419.h.tsv.gz","https://ftp.ebi.ac.uk/pub/databases/gwas/summary_statistics/GCST90428001-GCST90429000/GCST90428419/harmonised/GCST90428419.h.tsv.gz-meta.yaml",200
"cytokines_2025_meta","GCST90428420","Interleukin-8","Interleukin-8 levels",70016,"GRCh38","https://ftp.ebi.ac.uk/pub/databases/gwas/summary_statistics/GCST90428001-GCST90429000/GCST90428420/harmonised/GCST90428420.h.tsv.gz","https://ftp.ebi.ac.uk/pub/databases/gwas/summary_statistics/GCST90428001-GCST90429000/GCST90428420/harmonised/GCST90428420.h.tsv.gz-meta.yaml",200
"cytokines_2025_meta","GCST90428421","Interleukin-9","Interleukin-9 levels",39193,"GRCh38","https://ftp.ebi.ac.uk/pub/databases/gwas/summary_statistics/GCST90428001-GCST90429000/GCST90428421/harmonised/GCST90428421.h.tsv.gz","https://ftp.ebi.ac.uk/pub/databases/gwas/summary_statistics/GCST90428001-GCST90429000/GCST90428421/harmonised/GCST90428421.h.tsv.gz-meta.yaml",200
"cytokines_2025_meta","GCST90428422","CXCL10 / IP-10","CXCL10 levels",39244,"GRCh38","https://ftp.ebi.ac.uk/pub/databases/gwas/summary_statistics/GCST90428001-GCST90429000/GCST90428422/harmonised/GCST90428422.h.tsv.gz","https://ftp.ebi.ac.uk/pub/databases/gwas/summary_statistics/GCST90428001-GCST90429000/GCST90428422/harmonised/GCST90428422.h.tsv.gz-meta.yaml",200
"cytokines_2025_meta","GCST90428423","CSF1","CSF1 protein levels",67329,"GRCh38","https://ftp.ebi.ac.uk/pub/databases/gwas/summary_statistics/GCST90428001-GCST90429000/GCST90428423/harmonised/GCST90428423.h.tsv.gz","https://ftp.ebi.ac.uk/pub/databases/gwas/summary_statistics/GCST90428001-GCST90429000/GCST90428423/harmonised/GCST90428423.h.tsv.gz-meta.yaml",200
"cytokines_2025_meta","GCST90428424","CCL2 / MCP-1","CCL2 protein levels",74783,"GRCh38","https://ftp.ebi.ac.uk/pub/databases/gwas/summary_statistics/GCST90428001-GCST90429000/GCST90428424/harmonised/GCST90428424.h.tsv.gz","https://ftp.ebi.ac.uk/pub/databases/gwas/summary_statistics/GCST90428001-GCST90429000/GCST90428424/harmonised/GCST90428424.h.tsv.gz-meta.yaml",200
"cytokines_2025_meta","GCST90428425","CCL7","CCL7 protein levels",36402,"GRCh38","https://ftp.ebi.ac.uk/pub/databases/gwas/summary_statistics/GCST90428001-GCST90429000/GCST90428425/harmonised/GCST90428425.h.tsv.gz","https://ftp.ebi.ac.uk/pub/databases/gwas/summary_statistics/GCST90428001-GCST90429000/GCST90428425/harmonised/GCST90428425.h.tsv.gz-meta.yaml",200
"cytokines_2025_meta","GCST90428426","MIF","MIF protein levels",39053,"GRCh38","https://ftp.ebi.ac.uk/pub/databases/gwas/summary_statistics/GCST90428001-GCST90429000/GCST90428426/harmonised/GCST90428426.h.tsv.gz","https://ftp.ebi.ac.uk/pub/databases/gwas/summary_statistics/GCST90428001-GCST90429000/GCST90428426/harmonised/GCST90428426.h.tsv.gz-meta.yaml",200
"cytokines_2025_meta","GCST90428427","CXCL9","CXCL9 protein levels",39244,"GRCh38","https://ftp.ebi.ac.uk/pub/databases/gwas/summary_statistics/GCST90428001-GCST90429000/GCST90428427/harmonised/GCST90428427.h.tsv.gz","https://ftp.ebi.ac.uk/pub/databases/gwas/summary_statistics/GCST90428001-GCST90429000/GCST90428427/harmonised/GCST90428427.h.tsv.gz-meta.yaml",200
"cytokines_2025_meta","GCST90428428","CCL3","CCL3 protein levels",70012,"GRCh38","https://ftp.ebi.ac.uk/pub/databases/gwas/summary_statistics/GCST90428001-GCST90429000/GCST90428428/harmonised/GCST90428428.h.tsv.gz","https://ftp.ebi.ac.uk/pub/databases/gwas/summary_statistics/GCST90428001-GCST90429000/GCST90428428/harmonised/GCST90428428.h.tsv.gz-meta.yaml",200
"cytokines_2025_meta","GCST90428429","CCL4","CCL4 protein levels",39174,"GRCh38","https://ftp.ebi.ac.uk/pub/databases/gwas/summary_statistics/GCST90428001-GCST90429000/GCST90428429/harmonised/GCST90428429.h.tsv.gz","https://ftp.ebi.ac.uk/pub/databases/gwas/summary_statistics/GCST90428001-GCST90429000/GCST90428429/harmonised/GCST90428429.h.tsv.gz-meta.yaml",200
"cytokines_2025_meta","GCST90428430","PDGF-BB","PDGF-BB protein levels",74783,"GRCh38","https://ftp.ebi.ac.uk/pub/databases/gwas/summary_statistics/GCST90428001-GCST90429000/GCST90428430/harmonised/GCST90428430.h.tsv.gz","https://ftp.ebi.ac.uk/pub/databases/gwas/summary_statistics/GCST90428001-GCST90429000/GCST90428430/harmonised/GCST90428430.h.tsv.gz-meta.yaml",200
"cytokines_2025_meta","GCST90428431","RANTES","RANTES levels",38980,"GRCh38","https://ftp.ebi.ac.uk/pub/databases/gwas/summary_statistics/GCST90428001-GCST90429000/GCST90428431/harmonised/GCST90428431.h.tsv.gz","https://ftp.ebi.ac.uk/pub/databases/gwas/summary_statistics/GCST90428001-GCST90429000/GCST90428431/harmonised/GCST90428431.h.tsv.gz-meta.yaml",200
"cytokines_2025_meta","GCST90428432","Stem cell factor","Stem cell factor levels",74780,"GRCh38","https://ftp.ebi.ac.uk/pub/databases/gwas/summary_statistics/GCST90428001-GCST90429000/GCST90428432/harmonised/GCST90428432.h.tsv.gz","https://ftp.ebi.ac.uk/pub/databases/gwas/summary_statistics/GCST90428001-GCST90429000/GCST90428432/harmonised/GCST90428432.h.tsv.gz-meta.yaml",200
"cytokines_2025_meta","GCST90428433","Stem Cell Growth Factor-beta","Stem Cell Growth Factor-beta levels",39241,"GRCh38","https://ftp.ebi.ac.uk/pub/databases/gwas/summary_statistics/GCST90428001-GCST90429000/GCST90428433/harmonised/GCST90428433.h.tsv.gz","https://ftp.ebi.ac.uk/pub/databases/gwas/summary_statistics/GCST90428001-GCST90429000/GCST90428433/harmonised/GCST90428433.h.tsv.gz-meta.yaml",200
"cytokines_2025_meta","GCST90428434","CXCL12","CXCL12 protein levels",41557,"GRCh38","https://ftp.ebi.ac.uk/pub/databases/gwas/summary_statistics/GCST90428001-GCST90429000/GCST90428434/harmonised/GCST90428434.h.tsv.gz","https://ftp.ebi.ac.uk/pub/databases/gwas/summary_statistics/GCST90428001-GCST90429000/GCST90428434/harmonised/GCST90428434.h.tsv.gz-meta.yaml",200
"cytokines_2025_meta","GCST90428435","Tumor necrosis factor alpha","Tumor necrosis factor alpha levels",39013,"GRCh38","https://ftp.ebi.ac.uk/pub/databases/gwas/summary_statistics/GCST90428001-GCST90429000/GCST90428435/harmonised/GCST90428435.h.tsv.gz","https://ftp.ebi.ac.uk/pub/databases/gwas/summary_statistics/GCST90428001-GCST90429000/GCST90428435/harmonised/GCST90428435.h.tsv.gz-meta.yaml",200
"cytokines_2025_meta","GCST90428436","Tumor necrosis factor beta","Tumor necrosis factor beta levels",37118,"GRCh38","https://ftp.ebi.ac.uk/pub/databases/gwas/summary_statistics/GCST90428001-GCST90429000/GCST90428436/harmonised/GCST90428436.h.tsv.gz","https://ftp.ebi.ac.uk/pub/databases/gwas/summary_statistics/GCST90428001-GCST90429000/GCST90428436/harmonised/GCST90428436.h.tsv.gz-meta.yaml",200
"cytokines_2025_meta","GCST90428437","TRAIL","TRAIL levels",74676,"GRCh38","https://ftp.ebi.ac.uk/pub/databases/gwas/summary_statistics/GCST90428001-GCST90429000/GCST90428437/harmonised/GCST90428437.h.tsv.gz","https://ftp.ebi.ac.uk/pub/databases/gwas/summary_statistics/GCST90428001-GCST90429000/GCST90428437/harmonised/GCST90428437.h.tsv.gz-meta.yaml",200
"cytokines_2025_meta","GCST90428438","Vascular endothelial growth factor","Vascular endothelial growth factor levels",73608,"GRCh38","https://ftp.ebi.ac.uk/pub/databases/gwas/summary_statistics/GCST90428001-GCST90429000/GCST90428438/harmonised/GCST90428438.h.tsv.gz","https://ftp.ebi.ac.uk/pub/databases/gwas/summary_statistics/GCST90428001-GCST90429000/GCST90428438/harmonised/GCST90428438.h.tsv.gz-meta.yaml",200
"scallop_cvd1","SELE","E-selectin / SELE","SELE",30931,"GRCh37","https://zenodo.org/api/records/2615265/files/SELE.txt.gz/content","https://zenodo.org/api/records/2615265",200
"scallop_cvd1","ESM-1","Endocan / ESM-1","ESM-1",30931,"GRCh37","https://zenodo.org/api/records/2615265/files/ESM-1.txt.gz/content","https://zenodo.org/api/records/2615265",200
"scallop_cvd1","PECAM-1","PECAM-1","PECAM-1",30931,"GRCh37","https://zenodo.org/api/records/2615265/files/PECAM-1.txt.gz/content","https://zenodo.org/api/records/2615265",200
"scallop_cvd1","TIE2","TIE2","TIE2",30931,"GRCh37","https://zenodo.org/api/records/2615265/files/TIE2.txt.gz/content","https://zenodo.org/api/records/2615265",200
"scallop_cvd1","TM","Thrombomodulin","TM",30931,"GRCh37","https://zenodo.org/api/records/2615265/files/TM.txt.gz/content","https://zenodo.org/api/records/2615265",200
"scallop_cvd1","LOX-1","LOX-1","LOX-1",30931,"GRCh37","https://zenodo.org/api/records/2615265/files/LOX-1.txt.gz/content","https://zenodo.org/api/records/2615265",200
"scallop_cvd1","VEGF-A","VEGF-A","VEGF-A",30931,"GRCh37","https://zenodo.org/api/records/2615265/files/VEGF-A.txt.gz/content","https://zenodo.org/api/records/2615265",200
"scallop_cvd1","U-PAR","U-PAR","U-PAR",30931,"GRCh37","https://zenodo.org/api/records/2615265/files/U-PAR.txt.gz/content","https://zenodo.org/api/records/2615265",200
"scallop_cvd1","t-PA","t-PA","t-PA",30931,"GRCh37","https://zenodo.org/api/records/2615265/files/t-PA.txt.gz/content","https://zenodo.org/api/records/2615265",200
