"dataset_a","dataset_b","overlap_class","analysis_action","evidence_note"
"microbiome_2026_hunt","finngen_r12","none_known","primary_permitted_subject_to_other_gates","Norwegian HUNT exposure and Finnish FinnGen ED; no named shared cohort identified"
"microbiome_2026_hunt","cytokines_2025_meta","possible_unresolved","sensitivity_until_component_audit","Cytokine meta includes YFS/FINRISK, SCALLOP, and deCODE; exact SCALLOP cohort-list comparison with HUNT remains required"
"microbiome_2026_hunt","scallop_cvd1","possible_unresolved","sensitivity_until_cohort_audit","No HUNT label was found in the article page, but the complete 13-cohort membership must be checked"
"cytokines_2025_meta","finngen_r12","known_partial","sensitivity_only","The cytokine meta includes YFS/FINRISK and FinnGen includes legacy FINRISK samples"
"scallop_cvd1","finngen_r12","possible_unresolved","sensitivity_until_cohort_audit","Exact cohort-level comparison has not yet excluded Finnish legacy overlap"
"decode_component","finngen_r12","none_known","preferred_primary_validation","Icelandic deCODE protein source and Finnish FinnGen ED; no named shared cohort identified"
"microbiome_2026_hunt","decode_component","none_known","primary_permitted_subject_to_other_gates","Norwegian HUNT and Icelandic deCODE; no named shared cohort identified"
"crp_ukb_charge","finngen_r12","none_known","secondary_marker_permitted_after_source_freeze","UK Biobank plus CHARGE CRP source and FinnGen; no named shared cohort identified"
"glyca_ukb","finngen_r12","none_known","secondary_marker_permitted_after_source_freeze","UK Biobank GlycA source and FinnGen; no named shared cohort identified"
