"mediator_id","source_id","raw_path","raw_sha256","requested_rows","matched_rows","missing_rows","cis_lead_verified","output_path","output_sha256","completed_at_utc"
"cytokine_CTACK","GCST90428399","03_data/raw/cytokines_2025_meta/GCST90428399/GCST90428399.h.tsv.gz","fcb8862de4171880fad61d796a0a179ce57928eb22e3cdbc36df47342f1eb391",5,4,1,"not_applicable","03_data/processed/mechanistic/cytokine_targets/GCST90428399.parquet","b0486b613bb8462203d6ed0a765995d33c7525d9c8b537c62c9dedd05b65ca03","2026-07-21T10:19:25Z"
"cytokine_beta_NGF","GCST90428400","03_data/raw/cytokines_2025_meta/GCST90428400/GCST90428400.h.tsv.gz","8ef2eda1d672a42a80890fd2d11031c120999ad63cd8c4e2f634cfde9b87b1cc",5,5,0,"not_applicable","03_data/processed/mechanistic/cytokine_targets/GCST90428400.parquet","550aa0f3b60ef2c070f025108d9b591400898aa2882b10462c84a20507634614","2026-07-21T10:19:42Z"
"cytokine_CCL11","GCST90428401","03_data/raw/cytokines_2025_meta/GCST90428401/GCST90428401.h.tsv.gz","8f3b7022143dd5ca7764c0f795259f346c5a6f0289abdff052358323618398b5",6,5,1,"yes","03_data/processed/mechanistic/cytokine_targets/GCST90428401.parquet","e41aad4770a1eb41f8559d8d3d9a057aceac923832447c1a9f4969f0e93679de","2026-07-21T10:19:54Z"
"cytokine_FGF2","GCST90428402","03_data/raw/cytokines_2025_meta/GCST90428402/GCST90428402.h.tsv.gz","060029a7852ef021cfd74590ebde33d03242ebcf0a87b71f5efcf24e673f5d28",6,5,1,"yes","03_data/processed/mechanistic/cytokine_targets/GCST90428402.parquet","ff77ab4bddc572d325dcaa420bd918b9ca4c6947a67fb394622d2910d5ff097c","2026-07-21T10:20:06Z"
"cytokine_CSF3","GCST90428403","03_data/raw/cytokines_2025_meta/GCST90428403/GCST90428403.h.tsv.gz","9d7699c1f155c7f4481e25d20fc6ad070713e731a000986b66339b0bf8f97d56",5,4,1,"not_applicable","03_data/processed/mechanistic/cytokine_targets/GCST90428403.parquet","c4560d921973146362d2cba77db59d1fe393105dc230cc3bd3035a7d4de18148","2026-07-21T10:20:20Z"
"cytokine_CXCL1","GCST90428404","03_data/raw/cytokines_2025_meta/GCST90428404/GCST90428404.h.tsv.gz","8989849735e63cb73857cda6c1edabfa41784120880d5804cc29cc8b2d9b7e6c",6,6,0,"yes","03_data/processed/mechanistic/cytokine_targets/GCST90428404.parquet","80ba94bc27d8dcfe27b363cfd510e19ddf63cd949b9a3edcce0fdced51c4a3c5","2026-07-21T10:20:37Z"
"cytokine_HGF","GCST90428405","03_data/raw/cytokines_2025_meta/GCST90428405/GCST90428405.h.tsv.gz","791759e9f99cb36a0e31904c73724bcb38cb65198f9435f3d9cc586d0141a6fe",6,6,0,"yes","03_data/processed/mechanistic/cytokine_targets/GCST90428405.parquet","836d8eb395b031fa4ae31fd376c6bd5bbf03190b80da99b5f178c0dc7c6040b9","2026-07-21T10:20:54Z"
"cytokine_IFNG","GCST90428406","03_data/raw/cytokines_2025_meta/GCST90428406/GCST90428406.h.tsv.gz","4e8458f896a3bbb075be203038ba104ed4df989be7719962ff19072857bdc5ee",5,4,1,"not_applicable","03_data/processed/mechanistic/cytokine_targets/GCST90428406.parquet","2b873f42a50a2319c28c2b4db51b2ae0a079ce0008bdad41cc1563f2368ca7d6","2026-07-21T10:21:06Z"
"cytokine_IL10","GCST90428407","03_data/raw/cytokines_2025_meta/GCST90428407/GCST90428407.h.tsv.gz","e4dca1bf727a08d698c2058684edac441e9dda25891d34d5cac64ba988edc2ee",5,4,1,"not_applicable","03_data/processed/mechanistic/cytokine_targets/GCST90428407.parquet","30d41e1a545d35941becfde1360eecc77c3f6733d9be43b64485fa1190ea5bd9","2026-07-21T10:21:19Z"
"cytokine_IL13","GCST90428408","03_data/raw/cytokines_2025_meta/GCST90428408/GCST90428408.h.tsv.gz","3746282c264072401651c04cf190ad7290605418399f9f5f422e64659bc32adf",5,4,1,"not_applicable","03_data/processed/mechanistic/cytokine_targets/GCST90428408.parquet","ce95d0a5b7bb0e02dfbea9ab9d25275a5066e17b8aab06b7490d3006af1d6224","2026-07-21T10:21:31Z"
"cytokine_IL16","GCST90428409","03_data/raw/cytokines_2025_meta/GCST90428409/GCST90428409.h.tsv.gz","43248e0dee8322ea489af57c535eee5b98ca28fda7ff11f13618f1b7c4bc8baf",6,6,0,"yes","03_data/processed/mechanistic/cytokine_targets/GCST90428409.parquet","37047f2dad1fa3aa7db903d2fe3a58ffa62627ddb74c7fc96274e2cb95b2eb23","2026-07-21T10:21:48Z"
"cytokine_IL17","GCST90428410","03_data/raw/cytokines_2025_meta/GCST90428410/GCST90428410.h.tsv.gz","438d7849a149d77133573af1b4217339620d25425713a0473b8564f3a42882b1",5,4,1,"not_applicable","03_data/processed/mechanistic/cytokine_targets/GCST90428410.parquet","6795be770fea02ca05ca89379c2ed5bf88e493624e8bc1d68aea57b0e6b780df","2026-07-21T10:22:02Z"
"cytokine_IL18","GCST90428411","03_data/raw/cytokines_2025_meta/GCST90428411/GCST90428411.h.tsv.gz","c1ab737f93faae3d2d4b32f53a560a8d5400677b5aa9c54edb39a3497603f299",6,6,0,"yes","03_data/processed/mechanistic/cytokine_targets/GCST90428411.parquet","113bd7736870855a025ce32f0c6398eeb714210aa8aef8fcb751f41eb0ffc085","2026-07-21T10:22:18Z"
"cytokine_IL1B","GCST90428412","03_data/raw/cytokines_2025_meta/GCST90428412/GCST90428412.h.tsv.gz","2e856faa04ffca9f2ccb3817bf8558418a636c5c85474edb476754c5a012a159",5,4,1,"not_applicable","03_data/processed/mechanistic/cytokine_targets/GCST90428412.parquet","6a9a84cb326f343e006eef5564ddd366e887ec0821ffd5948b167cd24a762690","2026-07-21T10:22:31Z"
"cytokine_IL1RA","GCST90428413","03_data/raw/cytokines_2025_meta/GCST90428413/GCST90428413.h.tsv.gz","58f55e7f430dffa51bef5f6e4d848c96e73164d938690ac08c04dd90acc00c92",6,6,0,"yes","03_data/processed/mechanistic/cytokine_targets/GCST90428413.parquet","c9330d31507c6e2558a91b6601cd656f0ea27cc2c862c1fcaf424fbc01ba09a9","2026-07-21T10:22:49Z"
"cytokine_IL2","GCST90428414","03_data/raw/cytokines_2025_meta/GCST90428414/GCST90428414.h.tsv.gz","2a6c42c765be1ea80c3bcc8b7eaa0d31bb1f1e8273631cb6888c01bc91ed1d9e",5,3,2,"not_applicable","03_data/processed/mechanistic/cytokine_targets/GCST90428414.parquet","997474aa07adbf61a0e30be859ce25019959e3931c774d7595292b1b3017db26","2026-07-21T10:23:02Z"
"cytokine_IL2RA","GCST90428415","03_data/raw/cytokines_2025_meta/GCST90428415/GCST90428415.h.tsv.gz","c415842592d6ae8889a241dd4ce6044ba37f412a8555f40b31f8ac58a8a5affc",6,5,1,"yes","03_data/processed/mechanistic/cytokine_targets/GCST90428415.parquet","2c0d4c553b8b2a9d30fb8167f6c03d63764409496345d9ef5c79122deb86bd7b","2026-07-21T10:23:16Z"
"cytokine_IL4","GCST90428416","03_data/raw/cytokines_2025_meta/GCST90428416/GCST90428416.h.tsv.gz","6aef3d07be27ee01f3a2ffe97baaf84b2ce8912367d772bb032c670c4dea1ec5",5,4,1,"not_applicable","03_data/processed/mechanistic/cytokine_targets/GCST90428416.parquet","9c5cdfba0376b9afa156f22cac29f523912b3493228cdbd5f7af75ba1632f513","2026-07-21T10:23:30Z"
"cytokine_IL5","GCST90428417","03_data/raw/cytokines_2025_meta/GCST90428417/GCST90428417.h.tsv.gz","6d67146fa13ed6a298099ce0f2e043c1f9e6b4f597445655c641e88137ea2dfd",5,4,1,"not_applicable","03_data/processed/mechanistic/cytokine_targets/GCST90428417.parquet","ee0ac8645f053d4ddc3056f69cf03c08aab71fa18317e15aec1eec73a82c67ff","2026-07-21T10:23:42Z"
"cytokine_IL6","GCST90428418","03_data/raw/cytokines_2025_meta/GCST90428418/GCST90428418.h.tsv.gz","278e93c15fbbccf6fe38bd0dfe1bc81aa0291ad793772d6cf638c0d564cc956b",5,5,0,"not_applicable","03_data/processed/mechanistic/cytokine_targets/GCST90428418.parquet","a431ce22dfc20540f4b7e3fbe5e06aeb2de4a2aaf05bae5266efb6f9d4de5865","2026-07-21T10:23:59Z"
"cytokine_IL7","GCST90428419","03_data/raw/cytokines_2025_meta/GCST90428419/GCST90428419.h.tsv.gz","5723706801a6b273a483896f2c4b3b3066fa269a169341ceb63a7c2a87e40dd0",5,3,2,"not_applicable","03_data/processed/mechanistic/cytokine_targets/GCST90428419.parquet","1e5f37753655b8bb82d351c1ae5194ad2249328632bb3e28a9023aaa1f18e5e8","2026-07-21T10:24:12Z"
"cytokine_IL8","GCST90428420","03_data/raw/cytokines_2025_meta/GCST90428420/GCST90428420.h.tsv.gz","56b76dd3669cae4679d42554661eb0c124aa70a621dbec4ad96a087b7bf9981a",5,5,0,"not_applicable","03_data/processed/mechanistic/cytokine_targets/GCST90428420.parquet","40c3699f6642397df3d6d7353b848095196a130c323ae432775f704d58e8ce0b","2026-07-21T10:24:28Z"
"cytokine_IL9","GCST90428421","03_data/raw/cytokines_2025_meta/GCST90428421/GCST90428421.h.tsv.gz","41361fdbe6fc73ef1b557d441d5638f32c0b342a765510c218fc350209f49a93",5,4,1,"not_applicable","03_data/processed/mechanistic/cytokine_targets/GCST90428421.parquet","0fda946b7a486aa2c58cc506c3340c872bbe36469d0dd1985ad878eda3eef6b2","2026-07-21T10:24:41Z"
"cytokine_CXCL10","GCST90428422","03_data/raw/cytokines_2025_meta/GCST90428422/GCST90428422.h.tsv.gz","bfa1090f859fd78a5cd30a37ced412e370c891d3ec2ce34cda1cf1c957caeb49",6,5,1,"yes","03_data/processed/mechanistic/cytokine_targets/GCST90428422.parquet","57204dacf3ea77d42e608ba7d23c9e12b7f1a36257c76d4d3e441dd0eb521857","2026-07-21T10:24:55Z"
"cytokine_CSF1","GCST90428423","03_data/raw/cytokines_2025_meta/GCST90428423/GCST90428423.h.tsv.gz","18b4d0a265c6ddf4193bac777f153a44713da81790f62aeab101a380e77f850e",6,6,0,"yes","03_data/processed/mechanistic/cytokine_targets/GCST90428423.parquet","ff4e73f081cb6cc137da846c4858b37f38db6c0f2948adbd4ca6f27c415b87ee","2026-07-21T10:25:12Z"
"cytokine_CCL2","GCST90428424","03_data/raw/cytokines_2025_meta/GCST90428424/GCST90428424.h.tsv.gz","ae2045e4c82754fe1073eba94f7e899b9039affbf144d22b42f334be1c18bc02",5,5,0,"not_applicable","03_data/processed/mechanistic/cytokine_targets/GCST90428424.parquet","fdb5a87ca50a4ac6633c0c46b841850aa5e7d5387fbb378b9a53cb24f4d3dce4","2026-07-21T10:25:30Z"
"cytokine_CCL7","GCST90428425","03_data/raw/cytokines_2025_meta/GCST90428425/GCST90428425.h.tsv.gz","92196cd251b63026f50c27188deca51a4ad229b72bc1088c0023d4300d09d01f",6,3,3,"yes","03_data/processed/mechanistic/cytokine_targets/GCST90428425.parquet","5c9c26741e2ed5e7b9c618be927f9de6746dffa9ba860fc2bf15d024cb93f46b","2026-07-21T10:25:41Z"
"cytokine_MIF","GCST90428426","03_data/raw/cytokines_2025_meta/GCST90428426/GCST90428426.h.tsv.gz","24b410e010d89dbc1adb9313442f5a338af043c356ad69a466f3baa6024a096a",6,5,1,"yes","03_data/processed/mechanistic/cytokine_targets/GCST90428426.parquet","f0f5eb60b279dca159fe36d9e2a8927549ca5a971279c90a03d38fe826286163","2026-07-21T10:25:54Z"
"cytokine_CXCL9","GCST90428427","03_data/raw/cytokines_2025_meta/GCST90428427/GCST90428427.h.tsv.gz","f340d2792dfdac948cf552bd0e6a98633fa694edd936405d4101f00f2320f110",5,3,2,"not_applicable","03_data/processed/mechanistic/cytokine_targets/GCST90428427.parquet","89d9f3d764a82cb57f0ccdc5afe6bcd901fc512b69e079ef4aad3f8e2f1fc8a2","2026-07-21T10:26:08Z"
"cytokine_CCL3","GCST90428428","03_data/raw/cytokines_2025_meta/GCST90428428/GCST90428428.h.tsv.gz","faf3d5cadb7dd73b7a9214105bebf04140324c4324b901e8a6612de6a1dbba29",6,6,0,"yes","03_data/processed/mechanistic/cytokine_targets/GCST90428428.parquet","d6da615c81d655c09c5166bf16069df7665aaf6a3cda33113ece60efadb09d52","2026-07-21T10:26:25Z"
"cytokine_CCL4","GCST90428429","03_data/raw/cytokines_2025_meta/GCST90428429/GCST90428429.h.tsv.gz","ff16068e213bb9ea07606b3a0ef0be5737b28bba899e3f50f73a277c2c46093f",6,5,1,"yes","03_data/processed/mechanistic/cytokine_targets/GCST90428429.parquet","664c35008652a9e537b44c55615e351b1c69b25db3fe3c7b20f445b1ec3b8ff3","2026-07-21T10:26:38Z"
"cytokine_PDGF_BB","GCST90428430","03_data/raw/cytokines_2025_meta/GCST90428430/GCST90428430.h.tsv.gz","f2e74a39a8beb86cb1685d3e05c07ec48e2105a6beea95db5b65da6b3ca62f4d",5,5,0,"not_applicable","03_data/processed/mechanistic/cytokine_targets/GCST90428430.parquet","dc36c7ed7f4d6a25b75a8034db589c3c49ae0c4d50584f06225253b25dd262ab","2026-07-21T10:26:55Z"
"cytokine_RANTES","GCST90428431","03_data/raw/cytokines_2025_meta/GCST90428431/GCST90428431.h.tsv.gz","22a9ffbe3d36e51186a6a7b43e53686ae658644aeb174f74420e9de11a635f14",6,5,1,"yes","03_data/processed/mechanistic/cytokine_targets/GCST90428431.parquet","4bed9948ecf2e1c8ab337b8abf0cbbcc7b773922190c0cc291f66533b8e57cbc","2026-07-21T10:27:08Z"
"cytokine_SCF","GCST90428432","03_data/raw/cytokines_2025_meta/GCST90428432/GCST90428432.h.tsv.gz","2b5ed915ef25d0e1e2c6cec80e1e21b6136d71ec7b5b3b96a066f0ca76c5b1f0",5,5,0,"not_applicable","03_data/processed/mechanistic/cytokine_targets/GCST90428432.parquet","c05c4ecbe4feaa84ccb719dbc22aa04699dc8b6343cd0152ac6337507c6b86d1","2026-07-21T10:27:26Z"
"cytokine_SCGF_B","GCST90428433","03_data/raw/cytokines_2025_meta/GCST90428433/GCST90428433.h.tsv.gz","1584d0d56c63c1f684a6b8bfeecc7bff4ca500297ee8c561bee403fd5f7fc923",6,5,1,"yes","03_data/processed/mechanistic/cytokine_targets/GCST90428433.parquet","62a3a5dd51d38e15746baa86813679ba7e02ce02879776862f52caca4bd200e3","2026-07-21T10:27:40Z"
"cytokine_CXCL12","GCST90428434","03_data/raw/cytokines_2025_meta/GCST90428434/GCST90428434.h.tsv.gz","031a842ca54f4957d28714204ea3b650be29bed55def186f56711b0d4ce751f1",6,6,0,"yes","03_data/processed/mechanistic/cytokine_targets/GCST90428434.parquet","d15a29285047a019f8a6d72074edea4a798961efa7101e5f8c1cff62cd92e26c","2026-07-21T10:27:54Z"
"cytokine_TNFA","GCST90428435","03_data/raw/cytokines_2025_meta/GCST90428435/GCST90428435.h.tsv.gz","8186dcf93a21a27f22f7b745c486b2746b1cd553fe00ac56d03d59a41ac766b4",5,4,1,"not_applicable","03_data/processed/mechanistic/cytokine_targets/GCST90428435.parquet","50a086d0a4d8ba9c473cbcedc5317004a4b482e6685d5b97239cb5ea5a7e40fd","2026-07-21T10:28:07Z"
"cytokine_TNFB","GCST90428436","03_data/raw/cytokines_2025_meta/GCST90428436/GCST90428436.h.tsv.gz","66967254083b2c8c93120220100562b7322b3a7e9535eef5ad39032967545d94",5,2,3,"not_applicable","03_data/processed/mechanistic/cytokine_targets/GCST90428436.parquet","5c6eb32c34685076e7540e4241018b6d68165f017b80920f0026d1e15375cc91","2026-07-21T10:28:16Z"
"cytokine_TRAIL","GCST90428437","03_data/raw/cytokines_2025_meta/GCST90428437/GCST90428437.h.tsv.gz","5dc66977b33d9202abbfc405110c012a00c46e9b68e03f98de8aa2d84a0c083a",6,6,0,"yes","03_data/processed/mechanistic/cytokine_targets/GCST90428437.parquet","c977a091d355ee6c224f4f7fab45c2afcd7ba3f46e92e7fa12f4da1f77004584","2026-07-21T10:28:33Z"
"cytokine_VEGF","GCST90428438","03_data/raw/cytokines_2025_meta/GCST90428438/GCST90428438.h.tsv.gz","8912d2d79ad444ed9cada3558958c0d88fa48094e110fe42261c171ff1069b3f",6,6,0,"yes","03_data/processed/mechanistic/cytokine_targets/GCST90428438.parquet","7ad2aeb222296a8a1a82727b49d22fb34d570b9da15f665470f2681db5fabb96","2026-07-21T10:28:49Z"
