"mediator_id","source_id","source_cytokine","encoding_gene","lead_snp","effect_allele","other_allele","eaf","beta","se","p","chr_grch37","position_grch37","het_i2","het_p","credible_set_member","instrument_class","heterogeneity_sensitivity_status"
"cytokine_CCL11","GCST90428401","CCL11/eotaxin-1","CCL11","rs763781","t","c",0.2535,-0.0450058617566733,0.00772500201796658,5.673e-09,17,32488890,86.8,0.005871,TRUE,"paper_classified_cis_lead","exclude_when_het_p_lt_0_05"
"cytokine_CCL3","GCST90428428","CCL3/MIP-1a","CCL3","rs764872","a","g",0.6183,0.142863878094601,0.0100871198259268,1.548e-45,17,34415272,97.5,3.706e-10,FALSE,"paper_classified_cis_lead","exclude_when_het_p_lt_0_05"
"cytokine_CCL4","GCST90428429","CCL4/MIP-1b","CCL4","rs56673427","a","g",0.1252,-0.2355985,0.01534144,3.171e-53,17,34471393,95.7,1.37e-06,FALSE,"paper_classified_cis_lead","exclude_when_het_p_lt_0_05"
"cytokine_CCL7","GCST90428425","CCL7/MCP-3","CCL7","rs74832623","a","g",0.9771,-0.938420042348311,0.0261996773228073,5.86e-281,17,32535173,97.5,2.284e-10,TRUE,"paper_classified_cis_lead","exclude_when_het_p_lt_0_05"
"cytokine_CXCL1","GCST90428404","CXCL1/GROa","CXCL1","rs2367442","a","g",0.2187,0.237400012697498,0.00729743061285806,3.75e-232,4,74816843,97.1,1.24e-15,FALSE,"paper_classified_cis_lead","exclude_when_het_p_lt_0_05"
"cytokine_CXCL10","GCST90428422","CXCL10/IP-10","CXCL10","rs1532985","t","g",0.0139,0.316861124371218,0.0430869083996761,1.921e-13,4,77222245,91.2,0.0007315,FALSE,"paper_classified_cis_lead","exclude_when_het_p_lt_0_05"
"cytokine_CXCL12","GCST90428434","CXCL12/SDF-1a","CXCL12","rs17391002","a","g",0.7734,-0.0559311870226948,0.00869712129104258,1.264e-10,10,44855927,94.8,1.085e-05,FALSE,"paper_classified_cis_lead","exclude_when_het_p_lt_0_05"
"cytokine_FGF2","GCST90428402","FGF-b","FGF2","rs76665547","t","c",0.9314,-0.288768004678635,0.0114209778784463,4.84e-141,4,123697294,99.3,5.624e-31,FALSE,"paper_classified_cis_lead","exclude_when_het_p_lt_0_05"
"cytokine_HGF","GCST90428405","HGF","HGF","rs17155615","a","g",0.0746,-0.122101398016831,0.0144413244254088,2.785e-17,7,81515706,0,0.357,TRUE,"paper_classified_cis_lead","retain_when_het_p_ge_0_05"
"cytokine_IL16","GCST90428409","IL-16","IL16","rs3848180","t","g",0.4503,0.196406501670094,0.00581480006128708,4.31e-250,15,81596590,84.5,0.001602,FALSE,"paper_classified_cis_lead","exclude_when_het_p_lt_0_05"
"cytokine_IL18","GCST90428411","IL-18","IL18","rs1852138","a","g",0.4145,0.0467009048471239,0.00612470883240969,2.441e-14,11,112201569,,,FALSE,"paper_classified_cis_lead","retain_when_heterogeneity_not_estimable"
"cytokine_IL1RA","GCST90428413","IL-1ra","IL1RN","rs6743171","c","g",0.3966,-0.153771403040448,0.00586645059669035,1.95e-151,2,113840058,97.1,1.464e-15,FALSE,"paper_classified_cis_lead","exclude_when_het_p_lt_0_05"
"cytokine_IL2RA","GCST90428415","IL-2ra","IL2RA","rs56022334","a","g",0.335,-0.0561014125121801,0.00725949954867755,1.092e-14,10,6127641,95.2,5.219e-06,FALSE,"paper_classified_cis_lead","exclude_when_het_p_lt_0_05"
"cytokine_CSF1","GCST90428423","M-CSF/CSF-1","CSF1","rs61785488","a","g",0.7654,0.0466697491760833,0.00752252565700891,5.503e-10,1,110557015,95.3,5.393e-10,FALSE,"paper_classified_cis_lead","exclude_when_het_p_lt_0_05"
"cytokine_MIF","GCST90428426","MIF","MIF","rs9620336","c","g",0.1998,-0.0451717963954659,0.00799076532734227,1.577e-08,22,24281620,72.9,0.05481,FALSE,"paper_classified_cis_lead","retain_when_het_p_ge_0_05"
"cytokine_RANTES","GCST90428431","RANTES","CCL5","rs11650416","a","c",0.826,0.122006691368392,0.0098305286736276,2.282e-35,17,34077428,0,0.8201,FALSE,"paper_classified_cis_lead","retain_when_het_p_ge_0_05"
"cytokine_SCGF_B","GCST90428433","SCGF-b","CLEC11A","rs7246004","t","g",0.341,0.0822993102678369,0.00749811500253616,4.98e-28,19,51216909,18.8,0.267,FALSE,"paper_classified_cis_lead","retain_when_het_p_ge_0_05"
"cytokine_TRAIL","GCST90428437","TRAIL","TNFSF10","rs73169285","a","t",0.7435,0.118649186931934,0.0113648646486527,1.63e-25,3,172216957,71.9,0.05921,FALSE,"paper_classified_cis_lead","retain_when_het_p_ge_0_05"
"cytokine_VEGF","GCST90428438","VEGF","VEGFA","rs74556053","a","g",0.0716,-0.171600653123022,0.0112062073482023,6.276e-53,6,43934340,86.3,0.0006649,TRUE,"paper_classified_cis_lead","exclude_when_het_p_lt_0_05"
