"mediator_id","source_id","source_file","assay_target","encoding_gene","gene_id","chromosome_grch37","gene_start_grch37","gene_end_grch37","strand","cis_flank_bp","cis_start_grch37","cis_end_grch37","coordinate_source","coordinate_source_url","retrieved_on","instrument_p","ld_r2","ld_kb"
"endothelial_SELE","SELE","SELE.txt.gz","SELE","SELE","ENSG00000007908",1,169691781,169733846,-1,300000,169391781,170033846,"Ensembl GRCh37 REST","https://grch37.rest.ensembl.org/lookup/symbol/homo_sapiens/SELE","2026-07-21",5e-08,0.001,10000
"endothelial_ESM1","ESM-1","ESM-1.txt.gz","ESM-1","ESM1","ENSG00000164283",5,54273692,54318499,-1,300000,53973692,54618499,"Ensembl GRCh37 REST","https://grch37.rest.ensembl.org/lookup/symbol/homo_sapiens/ESM1","2026-07-21",5e-08,0.001,10000
"endothelial_PECAM1","PECAM-1","PECAM-1.txt.gz","PECAM-1","PECAM1","NCBI_Gene_5175",17,62396775,62404856,-1,300000,62096775,62704856,"NCBI Gene GRCh37.p13","https://www.ncbi.nlm.nih.gov/gene/5175","2026-07-21",5e-08,0.001,10000
"endothelial_TIE2","TIE2","TIE2.txt.gz","TIE2","TEK","ENSG00000120156",9,27109139,27230173,1,300000,26809139,27530173,"Ensembl GRCh37 REST","https://grch37.rest.ensembl.org/lookup/symbol/homo_sapiens/TEK","2026-07-21",5e-08,0.001,10000
"endothelial_TM","TM","TM.txt.gz","TM","THBD","ENSG00000178726",20,23026270,23030378,-1,300000,22726270,23330378,"Ensembl GRCh37 REST","https://grch37.rest.ensembl.org/lookup/symbol/homo_sapiens/THBD","2026-07-21",5e-08,0.001,10000
"endothelial_LOX1","LOX-1","LOX-1.txt.gz","LOX-1","OLR1","ENSG00000173391",12,10310902,10324737,-1,300000,10010902,10624737,"Ensembl GRCh37 REST","https://grch37.rest.ensembl.org/lookup/symbol/homo_sapiens/OLR1","2026-07-21",5e-08,0.001,10000
"endothelial_VEGFA","VEGF-A","VEGF-A.txt.gz","VEGF-A","VEGFA","ENSG00000112715",6,43737921,43754224,1,300000,43437921,44054224,"Ensembl GRCh37 REST","https://grch37.rest.ensembl.org/lookup/symbol/homo_sapiens/VEGFA","2026-07-21",5e-08,0.001,10000
"endothelial_UPAR","U-PAR","U-PAR.txt.gz","U-PAR","PLAUR","ENSG00000011422",19,44150247,44174699,-1,300000,43850247,44474699,"Ensembl GRCh37 REST","https://grch37.rest.ensembl.org/lookup/symbol/homo_sapiens/PLAUR","2026-07-21",5e-08,0.001,10000
"endothelial_TPA","t-PA","t-PA.txt.gz","t-PA","PLAT","ENSG00000104368",8,42032236,42065242,-1,300000,41732236,42365242,"Ensembl GRCh37 REST","https://grch37.rest.ensembl.org/lookup/symbol/homo_sapiens/PLAT","2026-07-21",5e-08,0.001,10000
