source_id,nsnp,F_metric,F_value
GCST90670368,1,Minimum F,36
GCST90670372,1,Minimum F,35.2174146734749
GCST90670374,1,Minimum F,68.4380165289256
GCST90670384,1,Minimum F,30.4032548421629
GCST90670385,1,Minimum F,30.351001599192
GCST90670387,1,Minimum F,31.6306523816709
GCST90670392,1,Minimum F,29.8433639461473
GCST90670394,1,Minimum F,31.2345182985414
GCST90670400,1,Minimum F,41.0400390625
GCST90670407,1,Minimum F,31.6575700391929
GCST90670408,1,Minimum F,32.1227360946746
GCST90670409,1,Minimum F,30.3420431538797
GCST90670417,1,Minimum F,30.4820221606648
GCST90670426,1,Minimum F,44.8239256771703
GCST90670427,1,Minimum F,31.1911712353151
GCST90670428,1,Minimum F,34.1604826675849
GCST90670435,1,Minimum F,36.587745389649
GCST90670437,1,Minimum F,30.7401351493295
GCST90670449,1,Minimum F,35.1968380177515
GCST90670457,1,Minimum F,30.2301476625526
GCST90670460,1,Minimum F,34.193341990523
GCST90670466,1,Minimum F,39.0625
GCST90670468,1,Minimum F,30.8007154599311
GCST90670473,1,Minimum F,45.7537379850481
GCST90670478,2,Minimum F,30.2021928166352
GCST90670492,1,Minimum F,32.1746345597062
GCST90670494,3,Minimum F,31.5439727331262
GCST90670495,1,Minimum F,30.4155565640299
GCST90670498,1,Minimum F,32.6530612244898
GCST90670515,1,Minimum F,32.547025
GCST90670517,1,Minimum F,34.258325697626
GCST90670524,1,Minimum F,39.3032544378698
GCST90670529,1,Minimum F,32.3585946745562
GCST90670534,1,Minimum F,30.6323889814724
GCST90670546,1,Minimum F,30.855994966943
GCST90670550,1,Minimum F,53.261926775148
GCST90670551,1,Minimum F,37.3250431906579
GCST90670554,1,Minimum F,30.1763183807833
GCST90670555,1,Minimum F,40.1394531777848
GCST90670562,1,Minimum F,30.116502751332
GCST90670564,1,Minimum F,32.3783314109958
GCST90670572,1,Minimum F,32.1111111111111
GCST90670586,1,Minimum F,34.3884735834673
GCST90670588,1,Minimum F,34.8923742563548
GCST90670591,1,Minimum F,43.833531510107
GCST90670634,1,Minimum F,34.660148513576
GCST90670635,1,Minimum F,37.1783184348119
GCST90670644,1,Minimum F,31.1028302921137
GCST90670680,1,Minimum F,40.1268086400133
GCST90670684,4,Minimum F,29.8844444444444
GCST90670687,1,Minimum F,33.6966091612136
GCST90670698,1,Minimum F,30.6426517415029
GCST90670700,1,Minimum F,36.8014596751134
GCST90670711,1,Minimum F,31.6537688881125
GCST90670746,1,Minimum F,31.1657918069188
GCST90670748,1,Minimum F,33.0214413265306
GCST90670749,1,Minimum F,31.9380523524956
GCST90670756,4,Minimum F,31.1264067721096
GCST90670761,1,Minimum F,32.508389698231
GCST90670769,1,Minimum F,71.0586556927298
GCST90670774,1,Minimum F,36.9762269156208
GCST90670780,1,Minimum F,35.1628193290243
GCST90670781,1,Minimum F,34.6610388238135
GCST90670784,1,Minimum F,30.5542934276762
GCST90670786,1,Minimum F,34.8500637402941
GCST90670792,1,Minimum F,30.4982550117685
GCST90670796,1,Minimum F,30.2189345334993
GCST90670806,1,Minimum F,33.4002108561204
GCST90670813,1,Minimum F,32.3012297669251
GCST90670815,1,Minimum F,34.2162099664701
GCST90670827,1,Minimum F,33.3297906259964
GCST90670835,1,Minimum F,30.7151444404192
GCST90670838,1,Minimum F,30.7100694444444
GCST90670852,1,Minimum F,31.0116151839071
GCST90670875,1,Minimum F,30.3999909158352
GCST90670881,1,Minimum F,37.1637752977076
GCST90670884,1,Minimum F,35.8788899091929
GCST90670890,1,Minimum F,30.1891450279816
GCST90670899,1,Minimum F,31.190410405453
GCST90670908,1,Minimum F,30.5361406113433
GCST90670910,2,Minimum F,33.4329452888487
GCST90670917,1,Minimum F,31.8043537047053
GCST90670925,1,Minimum F,30.6704988662132
GCST90670927,1,Minimum F,33.9445653484255
GCST90670937,1,Minimum F,33.9624496857567
GCST90670943,1,Minimum F,42.453369140625
GCST90670986,1,Minimum F,39.1061168199026
GCST90670988,1,Minimum F,30.2086607496184
GCST90670990,1,Minimum F,30.7232653061224
GCST90671001,1,Minimum F,31.0041629672747
GCST90671012,1,Minimum F,45.6197213444413
GCST90671032,1,Minimum F,30.0460591836735
GCST90671051,1,Minimum F,31.0181608642241
GCST90671057,1,Minimum F,29.7630864197531
GCST90671072,2,Minimum F,35.6160027452887
GCST90671075,1,Minimum F,32.0764619513883
GCST90671089,1,Minimum F,43.094312554954
GCST90671093,1,Minimum F,30.1050128567866
GCST90671102,1,Minimum F,30.7951978012465
GCST90671111,1,Minimum F,37.9838853803375
GCST90671115,1,Minimum F,30.3354260795178
GCST90671122,1,Minimum F,34.6348155588021
GCST90671134,1,Minimum F,31.650192049609
GCST90671138,2,Minimum F,30.1904625369808
GCST90671139,2,Minimum F,30.8943162873363
GCST90671147,1,Minimum F,31.0408163265306
GCST90671159,1,Minimum F,37.0917663113388
GCST90671164,1,Minimum F,29.7383990488006
GCST90671172,1,Minimum F,31.2140831758034
GCST90671176,2,Minimum F,30.25
GCST90671181,1,Minimum F,29.8378794731189
GCST90671188,1,Minimum F,31.3836664352311
GCST90671189,1,Minimum F,33.1402483564646
GCST90671190,1,Minimum F,30.6260216597485
GCST90671193,1,Minimum F,34.591559575392
GCST90671209,1,Minimum F,30.0107810616245
GCST90671210,1,Minimum F,30.0632144014068
GCST90671214,1,Minimum F,30.25
GCST90671218,1,Minimum F,31.943624989082
GCST90671223,1,Minimum F,30.6476949922896
GCST90671235,1,Minimum F,30.5460227016801
GCST90671237,1,Minimum F,32.1363012345679
GCST90671245,1,Minimum F,31.5241165972635
GCST90671259,1,Minimum F,29.8923676748582
GCST90671277,1,Minimum F,30.8101732888785
GCST90671285,1,Minimum F,30.8224036126411
GCST90671292,1,Minimum F,30.7316179042086
GCST90671293,1,Minimum F,105.021504
GCST90671302,1,Minimum F,32.3634567901235
GCST90671312,1,Minimum F,29.845058031004
GCST90671314,1,Minimum F,30.5059571164298
GCST90671323,1,Minimum F,42.2796855778654
GCST90671324,1,Minimum F,32.439577100791
GCST90671336,1,Minimum F,38.142061042524
GCST90671353,1,Minimum F,32.694523962513
GCST90671359,1,Minimum F,29.9982324720142
GCST90671360,2,Minimum F,31.3917810975303
GCST90671365,1,Minimum F,30.4073469387755
GCST90671373,1,Minimum F,30.0466392318244
GCST90671377,1,Minimum F,36.7568781237985
GCST90671385,1,Minimum F,30.9949149408284
GCST90671389,1,Minimum F,30.25
GCST90671397,2,Minimum F,30.3943665923214
GCST90671414,2,Minimum F,30.9053635116598
GCST90671419,1,Minimum F,33.2746814404432
GCST90671426,1,Minimum F,34.3536506483297
GCST90671432,1,Minimum F,30.1535857186827
GCST90671434,1,Minimum F,30.5895889398263
GCST90671435,1,Minimum F,29.9886621315193
GCST90671449,1,Minimum F,37.019619140625
GCST90671450,1,Minimum F,31.1828252132144
GCST90671463,1,Minimum F,71.4588444444444
GCST90671465,1,Minimum F,36.6824492702029
GCST90671469,1,Minimum F,32.7508763477072
GCST90671470,1,Minimum F,35.2897831704924
GCST90671474,2,Minimum F,30.0212673611111
GCST90671483,1,Minimum F,29.9612188365651
GCST90671486,1,Minimum F,32.883056640625
GCST90671488,1,Minimum F,30.0974151234568
GCST90671490,1,Minimum F,31.4076776822092
GCST90671499,1,Minimum F,31.7315332278375
GCST90671500,1,Minimum F,30.096196
GCST90671503,1,Minimum F,35.2836
GCST90671519,1,Minimum F,31.0158839449447
GCST90671524,4,Minimum F,30.1714795918367
GCST90671536,1,Minimum F,32.4489124290225
GCST90671554,1,Minimum F,30.1408271567037
GCST90671561,1,Minimum F,29.8422921931562
GCST90671563,1,Minimum F,45.6197213444413
GCST90671570,1,Minimum F,31.7240544298458
GCST90671572,1,Minimum F,30.2182164455879
GCST90671581,1,Minimum F,31.7798575051322
GCST90671588,2,Minimum F,35.4278236758714
GCST90671595,2,Minimum F,29.7804081632653
GCST90671613,1,Minimum F,30.5507438016529
GCST90671614,1,Minimum F,41.8015110161782
GCST90671616,1,Minimum F,31.3770042019379
GCST90671653,1,Minimum F,104.203264
GCST90671656,1,Minimum F,30.767822265625
GCST90671664,1,Minimum F,30.1982979727008
GCST90671665,1,Minimum F,29.8633591555513
GCST90671669,2,Minimum F,32.4023668639053
GCST90671674,1,Minimum F,29.9175849403122
GCST90671689,1,Minimum F,31.5962326869806
GCST90671693,1,Minimum F,29.7624516871796
GCST90671695,2,Minimum F,33.0502670891806
GCST90671707,1,Minimum F,31.8135580178516
GCST90671709,1,Minimum F,31.5736961451247
GCST90671716,1,Minimum F,34.6159739359043
GCST90671717,2,Minimum F,30.2292488430046
GCST90671718,1,Minimum F,32.883056640625
GCST90671721,1,Minimum F,31.0158839449447
GCST90671723,4,Minimum F,30.1714795918367
GCST90671729,1,Minimum F,31.7240544298458
GCST90671733,2,Minimum F,35.4278236758714
GCST90671741,1,Minimum F,108.326464
GCST90671755,1,Minimum F,30.0033139755081
GCST90671759,1,Minimum F,30.7430644132653
GCST90671764,1,Minimum F,32.1508895044629
GCST90671773,1,Minimum F,31.5736961451247
GCST90671780,1,Minimum F,31.2662481839862
GCST90671781,4,Minimum F,30.1714795918367
GCST90671784,2,Minimum F,35.4278236758714
GCST90671789,1,Minimum F,107.827456
GCST90671803,1,Minimum F,31.5736961451247
GCST90671808,1,Minimum F,83.9776941682344
GCST90671821,1,Minimum F,31.825780543166
GCST90671822,1,Minimum F,31.6033019422038
GCST90671829,1,Minimum F,30.3842950624628
GCST90671830,1,Minimum F,32.6949375410914
GCST90671832,1,Minimum F,33.0955542343771
GCST90671836,1,Minimum F,30.3519375857339
GCST90671843,1,Minimum F,29.9072265625
GCST90671860,1,Minimum F,29.8674959437534
GCST90671866,1,Minimum F,32.4799122875715
GCST90671868,1,Minimum F,30.25
GCST90671882,1,Minimum F,30.9049637100575
GCST90671902,2,Minimum F,30.2986921450388
GCST90670368,1,Median F,36
GCST90670372,1,Median F,35.2174146734749
GCST90670374,1,Median F,68.4380165289256
GCST90670384,1,Median F,30.4032548421629
GCST90670385,1,Median F,30.351001599192
GCST90670387,1,Median F,31.6306523816709
GCST90670392,1,Median F,29.8433639461473
GCST90670394,1,Median F,31.2345182985414
GCST90670400,1,Median F,41.0400390625
GCST90670407,1,Median F,31.6575700391929
GCST90670408,1,Median F,32.1227360946746
GCST90670409,1,Median F,30.3420431538797
GCST90670417,1,Median F,30.4820221606648
GCST90670426,1,Median F,44.8239256771703
GCST90670427,1,Median F,31.1911712353151
GCST90670428,1,Median F,34.1604826675849
GCST90670435,1,Median F,36.587745389649
GCST90670437,1,Median F,30.7401351493295
GCST90670449,1,Median F,35.1968380177515
GCST90670457,1,Median F,30.2301476625526
GCST90670460,1,Median F,34.193341990523
GCST90670466,1,Median F,39.0625
GCST90670468,1,Median F,30.8007154599311
GCST90670473,1,Median F,45.7537379850481
GCST90670478,2,Median F,32.0317540046895
GCST90670492,1,Median F,32.1746345597062
GCST90670494,3,Median F,52.3086559278877
GCST90670495,1,Median F,30.4155565640299
GCST90670498,1,Median F,32.6530612244898
GCST90670515,1,Median F,32.547025
GCST90670517,1,Median F,34.258325697626
GCST90670524,1,Median F,39.3032544378698
GCST90670529,1,Median F,32.3585946745562
GCST90670534,1,Median F,30.6323889814724
GCST90670546,1,Median F,30.855994966943
GCST90670550,1,Median F,53.261926775148
GCST90670551,1,Median F,37.3250431906579
GCST90670554,1,Median F,30.1763183807833
GCST90670555,1,Median F,40.1394531777848
GCST90670562,1,Median F,30.116502751332
GCST90670564,1,Median F,32.3783314109958
GCST90670572,1,Median F,32.1111111111111
GCST90670586,1,Median F,34.3884735834673
GCST90670588,1,Median F,34.8923742563548
GCST90670591,1,Median F,43.833531510107
GCST90670634,1,Median F,34.660148513576
GCST90670635,1,Median F,37.1783184348119
GCST90670644,1,Median F,31.1028302921137
GCST90670680,1,Median F,40.1268086400133
GCST90670684,4,Median F,35.1196989883673
GCST90670687,1,Median F,33.6966091612136
GCST90670698,1,Median F,30.6426517415029
GCST90670700,1,Median F,36.8014596751134
GCST90670711,1,Median F,31.6537688881125
GCST90670746,1,Median F,31.1657918069188
GCST90670748,1,Median F,33.0214413265306
GCST90670749,1,Median F,31.9380523524956
GCST90670756,4,Median F,33.3526318309442
GCST90670761,1,Median F,32.508389698231
GCST90670769,1,Median F,71.0586556927298
GCST90670774,1,Median F,36.9762269156208
GCST90670780,1,Median F,35.1628193290243
GCST90670781,1,Median F,34.6610388238135
GCST90670784,1,Median F,30.5542934276762
GCST90670786,1,Median F,34.8500637402941
GCST90670792,1,Median F,30.4982550117685
GCST90670796,1,Median F,30.2189345334993
GCST90670806,1,Median F,33.4002108561204
GCST90670813,1,Median F,32.3012297669251
GCST90670815,1,Median F,34.2162099664701
GCST90670827,1,Median F,33.3297906259964
GCST90670835,1,Median F,30.7151444404192
GCST90670838,1,Median F,30.7100694444444
GCST90670852,1,Median F,31.0116151839071
GCST90670875,1,Median F,30.3999909158352
GCST90670881,1,Median F,37.1637752977076
GCST90670884,1,Median F,35.8788899091929
GCST90670890,1,Median F,30.1891450279816
GCST90670899,1,Median F,31.190410405453
GCST90670908,1,Median F,30.5361406113433
GCST90670910,2,Median F,41.6765564945423
GCST90670917,1,Median F,31.8043537047053
GCST90670925,1,Median F,30.6704988662132
GCST90670927,1,Median F,33.9445653484255
GCST90670937,1,Median F,33.9624496857567
GCST90670943,1,Median F,42.453369140625
GCST90670986,1,Median F,39.1061168199026
GCST90670988,1,Median F,30.2086607496184
GCST90670990,1,Median F,30.7232653061224
GCST90671001,1,Median F,31.0041629672747
GCST90671012,1,Median F,45.6197213444413
GCST90671032,1,Median F,30.0460591836735
GCST90671051,1,Median F,31.0181608642241
GCST90671057,1,Median F,29.7630864197531
GCST90671072,2,Median F,37.0380026733727
GCST90671075,1,Median F,32.0764619513883
GCST90671089,1,Median F,43.094312554954
GCST90671093,1,Median F,30.1050128567866
GCST90671102,1,Median F,30.7951978012465
GCST90671111,1,Median F,37.9838853803375
GCST90671115,1,Median F,30.3354260795178
GCST90671122,1,Median F,34.6348155588021
GCST90671134,1,Median F,31.650192049609
GCST90671138,2,Median F,33.9867387173583
GCST90671139,2,Median F,31.0921776749182
GCST90671147,1,Median F,31.0408163265306
GCST90671159,1,Median F,37.0917663113388
GCST90671164,1,Median F,29.7383990488006
GCST90671172,1,Median F,31.2140831758034
GCST90671176,2,Median F,31.4109650193828
GCST90671181,1,Median F,29.8378794731189
GCST90671188,1,Median F,31.3836664352311
GCST90671189,1,Median F,33.1402483564646
GCST90671190,1,Median F,30.6260216597485
GCST90671193,1,Median F,34.591559575392
GCST90671209,1,Median F,30.0107810616245
GCST90671210,1,Median F,30.0632144014068
GCST90671214,1,Median F,30.25
GCST90671218,1,Median F,31.943624989082
GCST90671223,1,Median F,30.6476949922896
GCST90671235,1,Median F,30.5460227016801
GCST90671237,1,Median F,32.1363012345679
GCST90671245,1,Median F,31.5241165972635
GCST90671259,1,Median F,29.8923676748582
GCST90671277,1,Median F,30.8101732888785
GCST90671285,1,Median F,30.8224036126411
GCST90671292,1,Median F,30.7316179042086
GCST90671293,1,Median F,105.021504
GCST90671302,1,Median F,32.3634567901235
GCST90671312,1,Median F,29.845058031004
GCST90671314,1,Median F,30.5059571164298
GCST90671323,1,Median F,42.2796855778654
GCST90671324,1,Median F,32.439577100791
GCST90671336,1,Median F,38.142061042524
GCST90671353,1,Median F,32.694523962513
GCST90671359,1,Median F,29.9982324720142
GCST90671360,2,Median F,32.0059891929704
GCST90671365,1,Median F,30.4073469387755
GCST90671373,1,Median F,30.0466392318244
GCST90671377,1,Median F,36.7568781237985
GCST90671385,1,Median F,30.9949149408284
GCST90671389,1,Median F,30.25
GCST90671397,2,Median F,31.4876132436899
GCST90671414,2,Median F,34.0286454746508
GCST90671419,1,Median F,33.2746814404432
GCST90671426,1,Median F,34.3536506483297
GCST90671432,1,Median F,30.1535857186827
GCST90671434,1,Median F,30.5895889398263
GCST90671435,1,Median F,29.9886621315193
GCST90671449,1,Median F,37.019619140625
GCST90671450,1,Median F,31.1828252132144
GCST90671463,1,Median F,71.4588444444444
GCST90671465,1,Median F,36.6824492702029
GCST90671469,1,Median F,32.7508763477072
GCST90671470,1,Median F,35.2897831704924
GCST90671474,2,Median F,30.4759887101414
GCST90671483,1,Median F,29.9612188365651
GCST90671486,1,Median F,32.883056640625
GCST90671488,1,Median F,30.0974151234568
GCST90671490,1,Median F,31.4076776822092
GCST90671499,1,Median F,31.7315332278375
GCST90671500,1,Median F,30.096196
GCST90671503,1,Median F,35.2836
GCST90671519,1,Median F,31.0158839449447
GCST90671524,4,Median F,31.157340154551
GCST90671536,1,Median F,32.4489124290225
GCST90671554,1,Median F,30.1408271567037
GCST90671561,1,Median F,29.8422921931562
GCST90671563,1,Median F,45.6197213444413
GCST90671570,1,Median F,31.7240544298458
GCST90671572,1,Median F,30.2182164455879
GCST90671581,1,Median F,31.7798575051322
GCST90671588,2,Median F,38.7476451648175
GCST90671595,2,Median F,35.0577625220519
GCST90671613,1,Median F,30.5507438016529
GCST90671614,1,Median F,41.8015110161782
GCST90671616,1,Median F,31.3770042019379
GCST90671653,1,Median F,104.203264
GCST90671656,1,Median F,30.767822265625
GCST90671664,1,Median F,30.1982979727008
GCST90671665,1,Median F,29.8633591555513
GCST90671669,2,Median F,57.8694896047922
GCST90671674,1,Median F,29.9175849403122
GCST90671689,1,Median F,31.5962326869806
GCST90671693,1,Median F,29.7624516871796
GCST90671695,2,Median F,34.7131218258403
GCST90671707,1,Median F,31.8135580178516
GCST90671709,1,Median F,31.5736961451247
GCST90671716,1,Median F,34.6159739359043
GCST90671717,2,Median F,31.3282733382521
GCST90671718,1,Median F,32.883056640625
GCST90671721,1,Median F,31.0158839449447
GCST90671723,4,Median F,31.157340154551
GCST90671729,1,Median F,31.7240544298458
GCST90671733,2,Median F,38.7476451648175
GCST90671741,1,Median F,108.326464
GCST90671755,1,Median F,30.0033139755081
GCST90671759,1,Median F,30.7430644132653
GCST90671764,1,Median F,32.1508895044629
GCST90671773,1,Median F,31.5736961451247
GCST90671780,1,Median F,31.2662481839862
GCST90671781,4,Median F,31.157340154551
GCST90671784,2,Median F,38.7476451648175
GCST90671789,1,Median F,107.827456
GCST90671803,1,Median F,31.5736961451247
GCST90671808,1,Median F,83.9776941682344
GCST90671821,1,Median F,31.825780543166
GCST90671822,1,Median F,31.6033019422038
GCST90671829,1,Median F,30.3842950624628
GCST90671830,1,Median F,32.6949375410914
GCST90671832,1,Median F,33.0955542343771
GCST90671836,1,Median F,30.3519375857339
GCST90671843,1,Median F,29.9072265625
GCST90671860,1,Median F,29.8674959437534
GCST90671866,1,Median F,32.4799122875715
GCST90671868,1,Median F,30.25
GCST90671882,1,Median F,30.9049637100575
GCST90671902,2,Median F,31.9775740288596
